-- MySQL dump 10.13  Distrib 5.5.34, for debian-linux-gnu (x86_64)
--
-- Host: localhost    Database: inbox
-- ------------------------------------------------------
-- Server version	5.5.34-0ubuntu0.12.04.1

/*!40101 SET @OLD_CHARACTER_SET_CLIENT=@@CHARACTER_SET_CLIENT */;
/*!40101 SET @OLD_CHARACTER_SET_RESULTS=@@CHARACTER_SET_RESULTS */;
/*!40101 SET @OLD_COLLATION_CONNECTION=@@COLLATION_CONNECTION */;
/*!40101 SET NAMES utf8mb4 */;
/*!40103 SET @OLD_TIME_ZONE=@@TIME_ZONE */;
/*!40103 SET TIME_ZONE='+00:00' */;
/*!40014 SET @OLD_UNIQUE_CHECKS=@@UNIQUE_CHECKS, UNIQUE_CHECKS=0 */;
/*!40014 SET @OLD_FOREIGN_KEY_CHECKS=@@FOREIGN_KEY_CHECKS, FOREIGN_KEY_CHECKS=0 */;
/*!40101 SET @OLD_SQL_MODE=@@SQL_MODE, SQL_MODE='NO_AUTO_VALUE_ON_ZERO' */;
/*!40111 SET @OLD_SQL_NOTES=@@SQL_NOTES, SQL_NOTES=0 */;

--
-- Table structure for table `block`
--

DROP TABLE IF EXISTS `block`;
/*!40101 SET @saved_cs_client     = @@character_set_client */;
/*!40101 SET character_set_client = utf8 */;
CREATE TABLE `block` (
  `id` int(11) NOT NULL AUTO_INCREMENT,
  `size` int(11) DEFAULT NULL,
  `data_sha256` varchar(64) DEFAULT NULL,
  `message_id` int(11) NOT NULL,
  `walk_index` int(11) DEFAULT NULL,
  `_content_type_common` enum('text/plain','text/html','multipart/alternative','multipart/mixed','image/jpeg','multipart/related','application/pdf','image/png','image/gif','application/octet-stream','multipart/signed','application/msword','application/pkcs7-signature','message/rfc822','image/jpg') DEFAULT NULL,
  `_content_type_other` varchar(255) DEFAULT NULL,
  `filename` varchar(255) DEFAULT NULL,
  `content_disposition` enum('inline','attachment') DEFAULT NULL,
  `content_id` varchar(255) DEFAULT NULL,
  `misc_keyval` text,
  `is_inboxapp_attachment` tinyint(1) DEFAULT NULL,
  PRIMARY KEY (`id`),
  UNIQUE KEY `message_id` (`message_id`,`walk_index`,`data_sha256`),
  CONSTRAINT `block_ibfk_1` FOREIGN KEY (`message_id`) REFERENCES `message` (`id`)
) ENGINE=InnoDB AUTO_INCREMENT=22 DEFAULT CHARSET=utf8mb4;
/*!40101 SET character_set_client = @saved_cs_client */;

--
-- Dumping data for table `block`
--

LOCK TABLES `block` WRITE;
/*!40000 ALTER TABLE `block` DISABLE KEYS */;
INSERT INTO `block` VALUES (1,2878,'b5a4cd388253264774512485f3876f16c4c84924d242437302a9774136b0f2c5',1,0,NULL,NULL,NULL,NULL,NULL,NULL,0),(2,2890,'6bb18fd029b3e9b40089b9b33dfe3edc6557ecd1adcaaf6dae854be6dbea7872',1,1,'text/plain',NULL,NULL,NULL,NULL,'[[\"Content-Type\", [\"text/plain\", {\"charset\": \"UTF-8\"}]], [\"Content-Transfer-Encoding\", [\"quoted-printable\", {}]]]',0),(3,4301,'8d80f307dc22437d2b027cbc11b77b73ced85e23288f859306d87c70ebf175d4',1,2,'text/html',NULL,NULL,NULL,NULL,'[[\"Content-Type\", [\"text/html\", {\"charset\": \"UTF-8\"}]], [\"Content-Transfer-Encoding\", [\"quoted-printable\", {}]]]',0),(4,5191,'6c3e555a8b1399b5a6666ea6a8b808be32b7b22f3e4bb48ff5ae8c696aa095fa',2,0,NULL,NULL,NULL,NULL,NULL,NULL,0),(5,572,'288c0081b65542e939b8437461fb8a55e36401ab43f6aea5f64d4760d03531d2',2,1,'text/plain',NULL,NULL,NULL,NULL,'[[\"Content-Type\", [\"text/plain\", {\"charset\": \"ISO-8859-1\"}]]]',0),(6,1079,'d2c04b83237b2af6baaba5ec04e04eef6de19f8cc8c684cbc0aff2f6c77fed57',2,2,'text/html',NULL,NULL,NULL,NULL,'[[\"Content-Type\", [\"text/html\", {\"charset\": \"ISO-8859-1\"}]], [\"Content-Transfer-Encoding\", [\"quoted-printable\", {}]]]',0),(7,452,'2249bbabdb27d37e4f12943f747b785d6d2eabc8269e767aed1f1ef05f57c45b',3,0,NULL,NULL,NULL,NULL,NULL,NULL,0),(8,1756,'047fa83a202cebd70ae6dbe912dd197df10187854ffe4decda9ce18f76998a9e',3,1,'text/plain',NULL,NULL,NULL,NULL,'[[\"Content-Type\", [\"text/plain\", {\"charset\": \"ISO-8859-1\"}]], [\"Content-Transfer-Encoding\", [\"quoted-printable\", {}]]]',0),(9,13085,'cd44fb22f257932dd15a423134ca62369dbb309d2ea34150f6df427163230397',3,2,'text/html',NULL,NULL,NULL,NULL,'[[\"Content-Type\", [\"text/html\", {\"charset\": \"ISO-8859-1\"}]], [\"Content-Transfer-Encoding\", [\"quoted-printable\", {}]]]',0),(10,468,'c32547c85aa035bcfcad78e1e0d0663fb153edcbe3fab2635f0662c5cc4130b1',4,0,NULL,NULL,NULL,NULL,NULL,NULL,0),(11,645,'3566785a8b48d288237d7634ce2a3ffd363a2fd86667fbe0753d7fc9868f84b0',4,1,'text/plain',NULL,NULL,NULL,NULL,'[[\"Content-Type\", [\"text/plain\", {\"charset\": \"ISO-8859-1\"}]], [\"Content-Transfer-Encoding\", [\"quoted-printable\", {}]]]',0),(12,7041,'a5de2bb5b246fdf0f32a588af13a7d7534d66959cc5e0d83889c002847a5f493',4,2,'text/html',NULL,NULL,NULL,NULL,'[[\"Content-Type\", [\"text/html\", {\"charset\": \"ISO-8859-1\"}]], [\"Content-Transfer-Encoding\", [\"quoted-printable\", {}]]]',0),(13,456,'44e619afc801dadc1673c187eaf18b34223fe1a8aa88ee584b56f3faf9d04f95',5,0,NULL,NULL,NULL,NULL,NULL,NULL,0),(14,1251,'b1558fdb97bc5918be82a7d342358fdd8abaa32cace1c96056319c594af6ddfe',5,1,'text/plain',NULL,NULL,NULL,NULL,'[[\"Content-Type\", [\"text/plain\", {\"charset\": \"windows-1252\"}]], [\"Content-Transfer-Encoding\", [\"quoted-printable\", {}]]]',0),(15,12626,'5ef8b7411036839cf82f81125fda1227b56378c14e4d2f2e251aaaa5496062ad',5,2,'text/html',NULL,NULL,NULL,NULL,'[[\"Content-Type\", [\"text/html\", {\"charset\": \"windows-1252\"}]], [\"Content-Transfer-Encoding\", [\"quoted-printable\", {}]]]',0),(16,5639,'5b3ef0a1ca544c24cb199a2dc826ab73e82221adbb79221ed48a252976a82e81',6,0,NULL,NULL,NULL,NULL,NULL,NULL,0),(17,2401,'37806d7922400999225e4701998f03c7a8636a0bbeebf3a435d533f38d60f067',6,1,'text/plain',NULL,NULL,NULL,NULL,'[[\"Content-Type\", [\"text/plain\", {\"charset\": \"UTF-8\"}]]]',0),(18,7492,'07c1ee541793998815179ce80b0c0af0d4b8ebb93d7e1678029a8d2ad3685c46',6,2,'text/html',NULL,NULL,NULL,NULL,'[[\"Content-Type\", [\"text/html\", {\"charset\": \"UTF-8\"}]], [\"Content-Transfer-Encoding\", [\"quoted-printable\", {}]]]',0),(19,4828,'0b0640f57ccce3563d112dedac9df9f367a10c341d2469843bc083f46e4c8cfb',7,0,NULL,NULL,NULL,NULL,NULL,NULL,0),(20,944,'216aa39060875b0305d978af411b9325b099e0bacc4f13f05c16dce6eb7bb372',7,1,'text/plain',NULL,NULL,NULL,NULL,'[[\"Content-Type\", [\"text/plain\", {\"charset\": \"UTF-8\"}]]]',0),(21,1635,'504fe698d3b6e529bbfae1b33ff0c69dd4cbe956797703b15bcee8ca5c616e61',7,2,'text/html',NULL,NULL,NULL,NULL,'[[\"Content-Type\", [\"text/html\", {\"charset\": \"UTF-8\"}]], [\"Content-Transfer-Encoding\", [\"quoted-printable\", {}]]]',0);
/*!40000 ALTER TABLE `block` ENABLE KEYS */;
UNLOCK TABLES;

--
-- Table structure for table `contact`
--

DROP TABLE IF EXISTS `contact`;
/*!40101 SET @saved_cs_client     = @@character_set_client */;
/*!40101 SET character_set_client = utf8 */;
CREATE TABLE `contact` (
  `id` int(11) NOT NULL AUTO_INCREMENT,
  `imapaccount_id` int(11) NOT NULL,
  `g_id` varchar(64) DEFAULT NULL,
  `source` enum('local','remote') DEFAULT NULL,
  `email_address` varchar(254) DEFAULT NULL,
  `name` text,
  `updated_at` datetime DEFAULT NULL,
  `created_at` datetime DEFAULT NULL,
  PRIMARY KEY (`id`),
  UNIQUE KEY `g_id` (`g_id`,`source`,`imapaccount_id`),
  KEY `imapaccount_id` (`imapaccount_id`),
  KEY `ix_contact_email_address` (`email_address`(191)),
  CONSTRAINT `contact_ibfk_1` FOREIGN KEY (`imapaccount_id`) REFERENCES `imapaccount` (`id`) ON DELETE CASCADE
) ENGINE=InnoDB DEFAULT CHARSET=utf8mb4;
/*!40101 SET character_set_client = @saved_cs_client */;

--
-- Dumping data for table `contact`
--

LOCK TABLES `contact` WRITE;
/*!40000 ALTER TABLE `contact` DISABLE KEYS */;
/*!40000 ALTER TABLE `contact` ENABLE KEYS */;
UNLOCK TABLES;

--
-- Table structure for table `folderitem`
--

DROP TABLE IF EXISTS `folderitem`;
/*!40101 SET @saved_cs_client     = @@character_set_client */;
/*!40101 SET character_set_client = utf8 */;
CREATE TABLE `folderitem` (
  `id` int(11) NOT NULL AUTO_INCREMENT,
  `thread_id` int(11) NOT NULL,
  `folder_name` varchar(191) DEFAULT NULL,
  PRIMARY KEY (`id`),
  UNIQUE KEY `folder_name` (`folder_name`,`thread_id`),
  KEY `thread_id` (`thread_id`),
  KEY `ix_folderitem_folder_name` (`folder_name`),
  CONSTRAINT `folderitem_ibfk_1` FOREIGN KEY (`thread_id`) REFERENCES `thread` (`id`)
) ENGINE=InnoDB AUTO_INCREMENT=16 DEFAULT CHARSET=utf8mb4;
/*!40101 SET character_set_client = @saved_cs_client */;

--
-- Dumping data for table `folderitem`
--

LOCK TABLES `folderitem` WRITE;
/*!40000 ALTER TABLE `folderitem` DISABLE KEYS */;
INSERT INTO `folderitem` VALUES (1,1,'important'),(2,1,'inbox'),(4,2,'inbox'),(6,3,'inbox'),(8,4,'inbox'),(10,5,'inbox'),(12,6,'inbox'),(14,7,'inbox'),(3,1,'[gmail]/all mail'),(5,2,'[gmail]/all mail'),(7,3,'[gmail]/all mail'),(9,4,'[gmail]/all mail'),(11,5,'[gmail]/all mail'),(13,6,'[gmail]/all mail'),(15,7,'[gmail]/all mail');
/*!40000 ALTER TABLE `folderitem` ENABLE KEYS */;
UNLOCK TABLES;

--
-- Table structure for table `foldersync`
--

DROP TABLE IF EXISTS `foldersync`;
/*!40101 SET @saved_cs_client     = @@character_set_client */;
/*!40101 SET character_set_client = utf8 */;
CREATE TABLE `foldersync` (
  `id` int(11) NOT NULL AUTO_INCREMENT,
  `imapaccount_id` int(11) NOT NULL,
  `folder_name` varchar(191) NOT NULL,
  `state` enum('initial','initial uidinvalid','poll','poll uidinvalid','finish') NOT NULL,
  PRIMARY KEY (`id`),
  UNIQUE KEY `imapaccount_id` (`imapaccount_id`,`folder_name`),
  CONSTRAINT `foldersync_ibfk_1` FOREIGN KEY (`imapaccount_id`) REFERENCES `imapaccount` (`id`) ON DELETE CASCADE
) ENGINE=InnoDB AUTO_INCREMENT=3 DEFAULT CHARSET=utf8mb4;
/*!40101 SET character_set_client = @saved_cs_client */;

--
-- Dumping data for table `foldersync`
--

LOCK TABLES `foldersync` WRITE;
/*!40000 ALTER TABLE `foldersync` DISABLE KEYS */;
INSERT INTO `foldersync` VALUES (1,1,'INBOX','poll'),(2,1,'[Gmail]/All Mail','poll');
/*!40000 ALTER TABLE `foldersync` ENABLE KEYS */;
UNLOCK TABLES;

--
-- Table structure for table `imapaccount`
--

DROP TABLE IF EXISTS `imapaccount`;
/*!40101 SET @saved_cs_client     = @@character_set_client */;
/*!40101 SET character_set_client = utf8 */;
CREATE TABLE `imapaccount` (
  `id` int(11) NOT NULL AUTO_INCREMENT,
  `user_id` int(11) NOT NULL,
  `email_address` varchar(254) DEFAULT NULL,
  `provider` enum('Gmail','Outlook','Yahoo','Inbox') NOT NULL,
  `save_raw_messages` tinyint(1) DEFAULT NULL,
  `sync_host` varchar(255) DEFAULT NULL,
  `last_synced_contacts` datetime DEFAULT NULL,
  `o_token_issued_to` varchar(512) DEFAULT NULL,
  `o_user_id` varchar(512) DEFAULT NULL,
  `o_access_token` varchar(1024) DEFAULT NULL,
  `o_id_token` varchar(1024) DEFAULT NULL,
  `o_expires_in` int(11) DEFAULT NULL,
  `o_access_type` varchar(512) DEFAULT NULL,
  `o_token_type` varchar(512) DEFAULT NULL,
  `o_audience` varchar(512) DEFAULT NULL,
  `o_scope` varchar(512) DEFAULT NULL,
  `o_refresh_token` varchar(512) DEFAULT NULL,
  `o_verified_email` tinyint(1) DEFAULT NULL,
  `date` datetime DEFAULT NULL,
  PRIMARY KEY (`id`),
  KEY `user_id` (`user_id`),
  KEY `ix_imapaccount_email_address` (`email_address`(191)),
  CONSTRAINT `imapaccount_ibfk_1` FOREIGN KEY (`user_id`) REFERENCES `user` (`id`) ON DELETE CASCADE
) ENGINE=InnoDB AUTO_INCREMENT=2 DEFAULT CHARSET=utf8mb4;
/*!40101 SET character_set_client = @saved_cs_client */;

--
-- Dumping data for table `imapaccount`
--

LOCK TABLES `imapaccount` WRITE;
/*!40000 ALTER TABLE `imapaccount` DISABLE KEYS */;
INSERT INTO `imapaccount` VALUES (1,1,'testinboxapp@gmail.com','Gmail',1,'precise64',NULL,'986659776516-fg79mqbkbktf5ku10c215vdij918ra0a.apps.googleusercontent.com','118053820939486070906','ya29.1.AADtN_Whip2LtoRaxrPrcuM05y9kR4byrv_vozm049qvbxHj9Fz-YA8gXqV256M','eyJhbGciOiJSUzI1NiIsImtpZCI6IjFmNTc0Yzk4MzkyYjA2OWU2OWNiY2U4OTk4MjVkZjdhYzM3YTM0ZmEifQ.eyJpc3MiOiJhY2NvdW50cy5nb29nbGUuY29tIiwidmVyaWZpZWRfZW1haWwiOiJ0cnVlIiwiZW1haWxfdmVyaWZpZWQiOiJ0cnVlIiwiZW1haWwiOiJ0ZXN0aW5ib3hhcHBAZ21haWwuY29tIiwiaWQiOiIxMTgwNTM4MjA5Mzk0ODYwNzA5MDYiLCJzdWIiOiIxMTgwNTM4MjA5Mzk0ODYwNzA5MDYiLCJjaWQiOiI5ODY2NTk3NzY1MTYtZmc3OW1xYmtia3RmNWt1MTBjMjE1dmRpajkxOHJhMGEuYXBwcy5nb29nbGV1c2VyY29udGVudC5jb20iLCJhenAiOiI5ODY2NTk3NzY1MTYtZmc3OW1xYmtia3RmNWt1MTBjMjE1dmRpajkxOHJhMGEuYXBwcy5nb29nbGV1c2VyY29udGVudC5jb20iLCJhdWQiOiI5ODY2NTk3NzY1MTYtZmc3OW1xYmtia3RmNWt1MTBjMjE1dmRpajkxOHJhMGEuYXBwcy5nb29nbGV1c2VyY29udGVudC5jb20iLCJ0b2tlbl9oYXNoIjoiZHZHZlg0UFlFeElvMDBuOWZaaUpyZyIsImF0X2hhc2giOiJkdkdmWDRQWUV4SW8wMG45ZlppSnJnIiwiaWF0IjoxMzkwNDU0NDA3LCJleHAiOjEzOTA0NTgzMDd9.gXOV84Up0qkmHODORy3J3QSPvaeYfiGWBZRgK6HDRK-uoXx3WRca_y9zTHsU0obDS_A2tdj8-6vBML9HRuaGlhrOknNTOf4CKyHAJ42wCPpy5sawSRcyZuKQfYiQuGcduY7SeMclxACYPMF7jql3jjEonAdA1z1sQS6aUR7cO04',3600,'offline','Bearer','986659776516-fg79mqbkbktf5ku10c215vdij918ra0a.apps.googleusercontent.com','https://www.googleapis.com/auth/userinfo.email https://www.googleapis.com/auth/userinfo.profile https://mail.google.com/ https://www.google.com/m8/feeds https://www.googleapis.com/auth/calendar','1/iLw5JazqOZmGkRrqTRuRq2j4Wa0sPvSWMSDfnutngjk',1,'2014-01-23 05:25:07');
/*!40000 ALTER TABLE `imapaccount` ENABLE KEYS */;
UNLOCK TABLES;

--
-- Table structure for table `imapuid`
--

DROP TABLE IF EXISTS `imapuid`;
/*!40101 SET @saved_cs_client     = @@character_set_client */;
/*!40101 SET character_set_client = utf8 */;
CREATE TABLE `imapuid` (
  `id` int(11) NOT NULL AUTO_INCREMENT,
  `imapaccount_id` int(11) NOT NULL,
  `message_id` int(11) NOT NULL,
  `msg_uid` int(11) NOT NULL,
  `folder_name` varchar(191) DEFAULT NULL,
  `is_draft` tinyint(1) NOT NULL,
  `is_seen` tinyint(1) NOT NULL,
  `is_flagged` tinyint(1) NOT NULL,
  `is_recent` tinyint(1) NOT NULL,
  `is_answered` tinyint(1) NOT NULL,
  `extra_flags` varchar(40) NOT NULL,
  PRIMARY KEY (`id`),
  UNIQUE KEY `folder_name` (`folder_name`,`msg_uid`,`imapaccount_id`),
  KEY `message_id` (`message_id`),
  KEY `imapuid_imapaccount_id_folder_name` (`imapaccount_id`,`folder_name`),
  CONSTRAINT `imapuid_ibfk_1` FOREIGN KEY (`imapaccount_id`) REFERENCES `imapaccount` (`id`) ON DELETE CASCADE,
  CONSTRAINT `imapuid_ibfk_2` FOREIGN KEY (`message_id`) REFERENCES `message` (`id`)
) ENGINE=InnoDB AUTO_INCREMENT=8 DEFAULT CHARSET=utf8mb4;
/*!40101 SET character_set_client = @saved_cs_client */;

--
-- Dumping data for table `imapuid`
--

LOCK TABLES `imapuid` WRITE;
/*!40000 ALTER TABLE `imapuid` DISABLE KEYS */;
INSERT INTO `imapuid` VALUES (1,1,1,5,'[Gmail]/All Mail',0,0,0,0,0,'[]'),(2,1,2,4,'[Gmail]/All Mail',0,1,0,0,0,'[]'),(3,1,3,3,'[Gmail]/All Mail',0,1,0,0,0,'[]'),(4,1,4,2,'[Gmail]/All Mail',0,0,0,0,0,'[]'),(5,1,5,1,'[Gmail]/All Mail',0,0,0,0,0,'[]'),(6,1,6,6,'[Gmail]/All Mail',0,0,0,0,0,'[]'),(7,1,7,7,'[Gmail]/All Mail',0,0,0,0,0,'[]');
/*!40000 ALTER TABLE `imapuid` ENABLE KEYS */;
UNLOCK TABLES;

--
-- Table structure for table `message`
--

DROP TABLE IF EXISTS `message`;
/*!40101 SET @saved_cs_client     = @@character_set_client */;
/*!40101 SET character_set_client = utf8 */;
CREATE TABLE `message` (
  `id` int(11) NOT NULL AUTO_INCREMENT,
  `thread_id` int(11) NOT NULL,
  `from_addr` text,
  `sender_addr` text,
  `reply_to` text,
  `to_addr` text,
  `cc_addr` text,
  `bcc_addr` text,
  `in_reply_to` text,
  `message_id` varchar(255) NOT NULL,
  `subject` text,
  `internaldate` datetime NOT NULL,
  `size` int(11) NOT NULL,
  `data_sha256` varchar(255) DEFAULT NULL,
  `mailing_list_headers` text,
  `sanitized_body` longtext NOT NULL,
  `snippet` varchar(191) NOT NULL,
  `decode_error` tinyint(1) NOT NULL,
  `g_msgid` varchar(40) DEFAULT NULL,
  `g_thrid` varchar(40) DEFAULT NULL,
  PRIMARY KEY (`id`),
  KEY `thread_id` (`thread_id`),
  CONSTRAINT `message_ibfk_1` FOREIGN KEY (`thread_id`) REFERENCES `thread` (`id`)
) ENGINE=InnoDB AUTO_INCREMENT=8 DEFAULT CHARSET=utf8mb4;
/*!40101 SET character_set_client = @saved_cs_client */;

--
-- Dumping data for table `message`
--

LOCK TABLES `message` WRITE;
/*!40000 ALTER TABLE `message` DISABLE KEYS */;
INSERT INTO `message` VALUES (1,1,'[\"Ben Bitdiddle\", \"ben.bitdiddle1861@gmail.com\"]',NULL,NULL,'[[\"\", \"testinboxapp@gmail.com\"]]','[]','[]',NULL,'<CABO4WuNkrsw6zjTGbLVGe5k73pwKs+EdY12mfAxJj2z7gkaP_A@mail.gmail.com>','[go-nuts] Strange error with html/template','2014-01-23 05:20:23',10836,'43a35d0e66b781f4db123ede926163b7aa7bccf392ca4af9ac785fdb0ffc39fb','{\"List-Id\": null, \"List-Post\": null, \"List-Owner\": null, \"List-Subscribe\": null, \"List-Unsubscribe\": null, \"List-Archive\": null, \"List-Help\": null}','<html><body><div dir=\"ltr\"><br/></div></body></html>','',0,'1457997137582659815','1457997137582659815'),(2,2,'[\"Nacho\", \"ncc1701zzz@gmail.com\"]','[\"\", \"golang-nuts@googlegroups.com\"]',NULL,'[[\"Dave Cheney\", \"dave@cheney.net\"]]','[]','[]','\"<CANp9fE9JJ6O19wj=r3CyqTXTJ9vYwUsTD0Fx9xyVGK5OmPKBBw@mail.gmail.com>\"','<CA+Ac+URsAJkqXVau6C0BME=Yc40=TFHcnfyV4=aT7+GrD2oYXA@mail.gmail.com>','[go-nuts] Weird behaviour of Go compiler.','2014-01-23 05:19:33',7003,'06ef0433d87d9226731e0cb01c6ac72acb2e84d0d149e6a854d20ed7277c634b','{\"List-Id\": \"<golang-nuts.googlegroups.com>\", \"List-Post\": \"<http://groups.google.com/group/golang-nuts/post>, <mailto:golang-nuts@googlegroups.com>\", \"List-Owner\": null, \"List-Subscribe\": \"<http://groups.google.com/group/golang-nuts/subscribe>, <mailto:golang-nuts+subscribe@googlegroups.com>\", \"List-Unsubscribe\": \"<http://groups.google.com/group/golang-nuts/subscribe>, <mailto:googlegroups-manage+332403668183+unsubscribe@googlegroups.com>\", \"List-Archive\": \"<http://groups.google.com/group/golang-nuts>\", \"List-Help\": \"<http://groups.google.com/support/>, <mailto:golang-nuts+help@googlegroups.com>\"}','<html><body><div dir=\"ltr\">I have reproduced it in the last tip for linux/arm. I have added the details here: <a href=\"https://code.google.com/p/go/issues/detail?id=6993\">https://code.google.com/p/go/issues/detail?id=6993</a><div class=\"gmail_extra\">\n</div></div>\n<p></p>\n\n-- <br/>\nYou received this message because you are subscribed to the Google Groups \"golang-nuts\" group.<br/>\nTo unsubscribe from this group and stop receiving emails from it, send an email to golang-nuts+unsubscribe@googlegroups.com.<br/>\nFor more options, visit <a href=\"https://groups.google.com/groups/opt_out\">https://groups.google.com/groups/opt_out</a>.<br/></body></html>','I have reproduced it in the last tip for linux/arm. I have added the details here:  https://code.google.com/p/go/issues/detail?id=6993 \n \n \n\n--  \nYou received this message because you are sub',0,'1457997085555638926','1457997085555638926'),(3,3,'[\"Gmail Team\", \"mail-noreply@google.com\"]',NULL,NULL,'[[\"Inbox App\", \"testinboxapp@gmail.com\"]]','[]','[]',NULL,'<CAE25kW-f9k=ckpro=0JHo3ZZQ7wdpnNkrYKmfpKh9A1domsyvA@mail.gmail.com>','Welcome to Gmail','2014-01-23 05:08:16',16789,'ae11defd7599cf2ff00c61fdd88b71429c21c04ad42aaf382ff73d9d957cffae','{\"List-Id\": null, \"List-Post\": null, \"List-Owner\": null, \"List-Subscribe\": null, \"List-Unsubscribe\": null, \"List-Archive\": null, \"List-Help\": null}','<html xmlns=\"http://www.w3.org/1999/xhtml\"><head><meta content=\"text/html;charset=utf-8\" http-equiv=\"content-type\"/><title>Welcome to Gmail</title></head><body link=\"#1155CC\" marginheight=\"0\" marginwidth=\"0\" text=\"#444444\">\n<table bgcolor=\"#f5f5f5\" border=\"0\" cellpadding=\"0\" cellspacing=\"0\" style=\"border-collapse: collapse;\" width=\"100%\">\n<tr>\n<td> </td>\n<td height=\"51\" width=\"64\"><img alt=\"\" height=\"51\" src=\"https://ssl.gstatic.com/drive/announcements/images/framework-top-left.png\" style=\"display:block\" width=\"64\"/></td>\n<td background=\"https://ssl.gstatic.com/drive/announcements/images/framework-top-middle.png\" bgcolor=\"#f5f5f5\" height=\"51\" valign=\"bottom\" width=\"673\">\n</td>\n<td height=\"51\" width=\"64\"><img alt=\"\" height=\"51\" src=\"https://ssl.gstatic.com/drive/announcements/images/framework-top-right.png\" style=\"display:block\" width=\"68\"/></td>\n<td> </td>\n</tr>\n<tr>\n<td> </td>\n<td height=\"225\" width=\"64\"><img alt=\"\" height=\"225\" src=\"https://ssl.gstatic.com/drive/announcements/images/framework-middle-1-left.png\" style=\"display:block\" width=\"64\"/></td>\n<td bgcolor=\"#ffffff\" valign=\"top\" width=\"668\">\n<table border=\"0\" cellpadding=\"0\" cellspacing=\"0\" style=\"border-collapse: collapse; \" width=\"100%\">\n<tr>\n<td colspan=\"3\"> </td>\n</tr>\n<tr>\n<td align=\"center\" colspan=\"3\" height=\"50\" valign=\"bottom\"><img alt=\"\" src=\"https://ssl.gstatic.com/drive/announcements/images/logo.gif\" style=\"display:block\"/></td>\n</tr>\n<tr>\n<td colspan=\"3\" height=\"40\"> </td>\n</tr>\n<tr>\n<td> </td>\n<td width=\"450\">\n<b>\n<font color=\"#444444\" face=\"Arial, sans-serif\" size=\"-1\" style=\"line-height: 1.4em\">\n<img alt=\"\" src=\"https://ssl.gstatic.com/accounts/services/mail/msa/gmail_icon_small.png\" style=\"display:block;float:left;margin-top:4px;margin-right:3px;\"/>Hi Inbox\n                    </font>\n</b>\n</td>\n<td> </td>\n</tr>\n<tr>\n<td height=\"40\" valign=\"top\">\n</td></tr>\n<tr>\n<td width=\"111\"> </td>\n<td align=\"left\">\n<table border=\"0\" cellpadding=\"0\" cellspacing=\"0\" style=\"border-collapse: collapse;\" width=\"540\">\n<tr>\n<td valign=\"top\"><font color=\"#444444\" face=\"Arial, sans-serif\" size=\"+2\"><span style=\"font-family:Arial, sans-serif; font-size: 25px\">Welcome to Gmail</span></font></td>\n</tr>\n</table>\n</td>\n<td width=\"111\"> </td>\n</tr>\n<tr>\n<td colspan=\"3\" height=\"10\"> </td>\n</tr>\n</table>\n</td>\n<td height=\"225\" width=\"64\"><img alt=\"\" height=\"225\" src=\"https://ssl.gstatic.com/drive/announcements/images/framework-middle-1-right.png\" style=\"display:block\" width=\"64\"/></td>\n<td> </td>\n</tr>\n<tr>\n<td> </td>\n<td height=\"850\" width=\"64\"><img alt=\"\" height=\"850\" src=\"https://ssl.gstatic.com/drive/announcements/images/framework-middle-2-left.png\" style=\"display:block\" width=\"64\"/></td>\n<td align=\"center\" bgcolor=\"#ffffff\" valign=\"top\" width=\"668\">\n<table border=\"0\" cellpadding=\"0\" cellspacing=\"0\" style=\"border-collapse: collapse; \" width=\"540\">\n<tr>\n<td align=\"left\">\n<a href=\"https://mail.google.com/mail/help/redirect/index.html?r=inboxtabsvideo&amp;utm_source=welcome&amp;hl=en\" style=\"text-decoration:none;\"><img alt=\"\" border=\"0\" src=\"https://ssl.gstatic.com/mail/welcome/localized/en/welcome_video.png\" style=\"display:block\"/></a>\n</td>\n<td width=\"15\"></td>\n<td align=\"left\" valign=\"middle\">\n<table border=\"0\" cellpadding=\"0\" cellspacing=\"0\" style=\"border-collapse:collapse;\" width=\"400\">\n<tr>\n<td align=\"left\">\n<font color=\"#444444\" face=\"Arial,sans-serif\" size=\"+1\"><span style=\"font-family:Arial, sans-serif; font-size: 20px;\">Meet the inbox</span></font>\n</td>\n</tr>\n<tr>\n<td height=\"10\"></td>\n</tr>\n<tr>\n<td align=\"left\" valign=\"top\">\n<font color=\"#444444\" face=\"Arial,sans-serif\" size=\"-1\" style=\"line-height:1.4em\">Your inbox is organized into categories so that you can see what\'s new at a glance and decide which emails you want to read when. <a href=\"https://mail.google.com/mail/help/redirect/index.html?r=inboxtabsvideo&amp;utm_source=welcome&amp;hl=en\" style=\"text-decoration:none;\">Watch the video</a></font>\n</td>\n</tr>\n</table>\n</td>\n</tr>\n<tr>\n<td colspan=\"3\" height=\"30\"> </td>\n</tr>\n<tr>\n<td align=\"left\">\n<img alt=\"\" src=\"https://ssl.gstatic.com/mail/welcome/localized/en/welcome_inbox_tab.png\" style=\"display:block\"/>\n</td>\n<td width=\"15\"></td>\n<td align=\"left\" valign=\"middle\">\n<table border=\"0\" cellpadding=\"0\" cellspacing=\"0\" style=\"border-collapse:collapse;\" width=\"400\">\n<tr>\n<td align=\"left\">\n<font color=\"#444444\" face=\"Arial,sans-serif\" size=\"+1\"><span style=\"font-family:Arial, sans-serif; font-size: 20px;\">Organized into categories</span></font>\n</td>\n</tr>\n<tr>\n<td height=\"10\"></td>\n</tr>\n<tr>\n<td align=\"left\" valign=\"top\">\n<font color=\"#444444\" face=\"Arial,sans-serif\" size=\"-1\" style=\"line-height:1.4em\">You choose from five optional tabs: Primary, Social, Promotions, Updates and Forums.  Primary, Social and Promotions are enabled by default. These categories make it easy to read messages of the same type all at once.</font>\n</td>\n</tr>\n</table>\n</td>\n</tr>\n<tr>\n<td colspan=\"3\" height=\"30\"> </td>\n</tr>\n<tr>\n<td align=\"left\">\n<img alt=\"\" src=\"https://ssl.gstatic.com/mail/welcome/localized/en/welcome_customize.png\" style=\"display:block\"/>\n</td>\n<td width=\"15\"></td>\n<td align=\"left\" valign=\"middle\">\n<table border=\"0\" cellpadding=\"0\" cellspacing=\"0\" style=\"border-collapse:collapse;\" width=\"400\">\n<tr>\n<td align=\"left\">\n<font color=\"#444444\" face=\"Arial,sans-serif\" size=\"+1\"><span style=\"font-family:Arial, sans-serif; font-size: 20px;\">Easy to customize</span></font>\n</td>\n</tr>\n<tr>\n<td height=\"10\"></td>\n</tr>\n<tr>\n<td align=\"left\" valign=\"top\">\n<font color=\"#444444\" face=\"Arial,sans-serif\" size=\"-1\" style=\"line-height:1.4em\">Select the tabs you want from all five to none. And, if you see a message you want in a different tab, all you have to do is drag and drop it into the tab you choose. <a href=\"https://support.google.com/mail?hl=en&amp;p=inboxtabs\" style=\"text-decoration:none;\">More tips</a></font>\n</td>\n</tr>\n</table>\n</td>\n</tr>\n<tr>\n<td colspan=\"3\" height=\"30\"> </td>\n</tr>\n<tr>\n<td align=\"left\">\n<img alt=\"\" src=\"https://ssl.gstatic.com/mail/welcome/localized/en/welcome_mobile.png\" style=\"display:block\"/>\n</td>\n<td width=\"15\"></td>\n<td align=\"left\" valign=\"middle\">\n<table border=\"0\" cellpadding=\"0\" cellspacing=\"0\" style=\"border-collapse:collapse;\" width=\"400\">\n<tr>\n<td align=\"left\">\n<font color=\"#444444\" face=\"Arial,sans-serif\" size=\"+1\"><span style=\"font-family:Arial, sans-serif; font-size: 20px;\">Get the inbox on your mobile device</span></font>\n</td>\n</tr>\n<tr>\n<td height=\"10\"></td>\n</tr>\n<tr>\n<td align=\"left\" valign=\"top\">\n<font color=\"#444444\" face=\"Arial,sans-serif\" size=\"-1\" style=\"line-height:1.4em\">Gmail\'s inbox is available in Gmail\'s official mobile apps on <a href=\"https://mail.google.com/mail/help/redirect/index.html?r=android&amp;utm_campaign=android&amp;utm_source=welcome&amp;hl=en\" style=\"text-decoration:none;\">Android 4.0+ devices</a> as well as <a href=\"https://mail.google.com/mail/help/redirect/index.html?r=apple&amp;hl=en\" style=\"text-decoration:none;\">iPhone and iPad</a>.  Your mobile inbox and notifications show primary email.  It\'s easy to access and keep track of email in other categories.</font>\n<table border=\"0\" cellpadding=\"0\" cellspacing=\"0\" style=\"border-collapse: collapse;\" width=\"300\">\n<tr>\n<td height=\"60\" width=\"130\">\n<a href=\"https://mail.google.com/mail/help/redirect/index.html?r=android&amp;utm_campaign=android&amp;utm_source=welcome&amp;hl=en\" style=\"text-decoration:none;\">\n<img alt=\"\" border=\"0\" height=\"41\" src=\"https://ssl.gstatic.com/accounts/services/mail/buttons/google_play_en.png\" style=\"display:block;\" width=\"119\"/>\n</a>\n</td>\n<td height=\"60\" width=\"150\">\n<a href=\"https://mail.google.com/mail/help/redirect/index.html?r=apple&amp;utm_campaign=apple&amp;utm_source=welcome&amp;hl=en\" style=\"text-decoration:none;\">\n<img alt=\"\" border=\"0\" height=\"42\" src=\"https://ssl.gstatic.com/accounts/services/mail/buttons/apple_store_en.png\" style=\"display:block;\" width=\"140\"/>\n</a>\n</td>\n</tr>\n</table>\n</td>\n</tr>\n</table>\n</td>\n</tr>\n<tr>\n<td colspan=\"3\" height=\"30\"> </td>\n</tr>\n</table>\n<table border=\"0\" cellpadding=\"0\" cellspacing=\"0\" style=\"border-collapse: collapse; \" width=\"500\">\n<tr>\n<td colspan=\"2\" height=\"40\"> </td>\n</tr>\n<tr>\n<td rowspan=\"2\" width=\"68\"><img alt=\"\" src=\"https://ssl.gstatic.com/accounts/services/mail/msa/gmail_icon_large.png\" style=\"display:block\"/></td>\n<td align=\"left\" height=\"20\" valign=\"bottom\"><font color=\"#444444\" face=\"Arial, sans-serif\" size=\"-1\">Happy emailing,</font></td>\n</tr>\n<tr>\n<td align=\"left\" valign=\"top\"><font color=\"#444444\" face=\"Arial, sans-serif\" size=\"+2\"><span style=\"font-family:Arial, sans-serif;\">The Gmail Team</span></font></td>\n</tr>\n<tr>\n<td colspan=\"2\" height=\"60\"> </td>\n</tr>\n</table>\n</td>\n<td height=\"850\" width=\"64\"><img alt=\"\" height=\"850\" src=\"https://ssl.gstatic.com/drive/announcements/images/framework-middle-2-right.png\" style=\"display:block\" width=\"64\"/></td>\n<td> </td>\n</tr>\n<tr>\n<td> </td>\n<td height=\"102\" width=\"64\"><img alt=\"\" height=\"102\" src=\"https://ssl.gstatic.com/drive/announcements/images/framework-bottom-left.png\" style=\"display:block\" width=\"64\"/></td>\n<td background=\"https://ssl.gstatic.com/drive/announcements/images/framework-bottom-middle.png\" height=\"102\" valign=\"top\" width=\"673\">\n<table border=\"0\" cellpadding=\"0\" cellspacing=\"0\" style=\"border-collapse: collapse; \" width=\"100%\">\n<tr>\n<td height=\"12\"></td>\n</tr>\n<tr>\n<td valign=\"bottom\">\n<font color=\"#AAAAAA\" face=\"Arial, sans-serif\" size=\"-2\">\n                  © 2013 Google Inc. 1600 Amphitheatre Parkway, Mountain View, CA 94043\n                </font>\n</td>\n</tr>\n</table>\n</td>\n<td height=\"102\" width=\"64\"><img alt=\"\" height=\"102\" src=\"https://ssl.gstatic.com/drive/announcements/images/framework-bottom-right.png\" style=\"display:block\" width=\"68\"/></td>\n<td> </td>\n</tr>\n</table>\n</body></html>','\n \n \n   \n \n \n \n \n   \n \n \n   \n \n \n \n \n   \n \n \n \n \n \n   \n \n \n   \n \n \n \n Hi Inbox\n                     \n \n \n   \n \n \n \n \n \n   \n \n \n \n Welcome to Gmail \n \n \n \n   \n \n \n   \n \n \n \n \n   \n \n \n   \n \n \n ',0,'1457996374982313648','1457996374982313648'),(4,4,'[\"Gmail Team\", \"mail-noreply@google.com\"]',NULL,NULL,'[[\"Inbox App\", \"testinboxapp@gmail.com\"]]','[]','[]',NULL,'<CAE25kW_nRzFj7Hc77FcU=EoNDT4X2DKpzjoiDUMt-g6-8Rrr7A@mail.gmail.com>','Get Gmail for your mobile device','2014-01-23 05:08:15',9094,'5da233fac8b41b54c96d707ecb96663e625e8c2215278e9e6f601bd8e831db9e','{\"List-Id\": null, \"List-Post\": null, \"List-Owner\": null, \"List-Subscribe\": null, \"List-Unsubscribe\": null, \"List-Archive\": null, \"List-Help\": null}','<html xmlns=\"http://www.w3.org/1999/xhtml\"><head><meta content=\"text/html;charset=utf-8\" http-equiv=\"content-type\"/><title>Get Gmail for your mobile device</title></head><body link=\"#1155CC\" marginheight=\"0\" marginwidth=\"0\" text=\"#444444\">\n<table bgcolor=\"#f5f5f5\" border=\"0\" cellpadding=\"0\" cellspacing=\"0\" style=\"border-collapse: collapse;\" width=\"100%\">\n<tr>\n<td> </td>\n<td height=\"51\" width=\"64\"><img alt=\"\" height=\"51\" src=\"https://ssl.gstatic.com/drive/announcements/images/framework-top-left.png\" style=\"display:block\" width=\"64\"/></td>\n<td background=\"https://ssl.gstatic.com/drive/announcements/images/framework-top-middle.png\" bgcolor=\"#f5f5f5\" height=\"51\" valign=\"bottom\" width=\"673\">\n</td>\n<td height=\"51\" width=\"64\"><img alt=\"\" height=\"51\" src=\"https://ssl.gstatic.com/drive/announcements/images/framework-top-right.png\" style=\"display:block\" width=\"68\"/></td>\n<td> </td>\n</tr>\n<tr>\n<td> </td>\n<td height=\"100\" width=\"64\"><img alt=\"\" height=\"100\" src=\"https://ssl.gstatic.com/drive/announcements/images/framework-middle-1-left.png\" style=\"display:block\" width=\"64\"/></td>\n<td bgcolor=\"#ffffff\" valign=\"top\" width=\"668\">\n<table border=\"0\" cellpadding=\"0\" cellspacing=\"0\" style=\"border-collapse: collapse;\" width=\"100%\">\n<tr>\n<td colspan=\"3\"> </td>\n</tr>\n<tr>\n<td align=\"center\" colspan=\"3\" height=\"50\" valign=\"bottom\"><img alt=\"\" src=\"https://ssl.gstatic.com/drive/announcements/images/logo.gif\" style=\"display:block\"/></td>\n</tr>\n<tr>\n<td colspan=\"3\"> </td>\n</tr>\n</table>\n</td>\n<td height=\"100\" width=\"64\"><img alt=\"\" height=\"100\" src=\"https://ssl.gstatic.com/drive/announcements/images/framework-middle-1-right.png\" style=\"display:block\" width=\"64\"/></td>\n<td> </td>\n</tr>\n<tr>\n<td> </td>\n<td height=\"430\" width=\"64\"><img alt=\"\" height=\"430\" src=\"https://ssl.gstatic.com/drive/announcements/images/framework-middle-2-left.png\" style=\"display:block\" width=\"64\"/></td>\n<td align=\"center\" bgcolor=\"#ffffff\" valign=\"top\" width=\"668\">\n<table border=\"0\" cellpadding=\"0\" cellspacing=\"0\" style=\"border-collapse: collapse; \" width=\"540\">\n<tr>\n<td align=\"left\">\n<b>\n<font color=\"#444444\" face=\"Arial, sans-serif\" size=\"-1\" style=\"line-height: 1.4em\">\n<img alt=\"\" src=\"https://ssl.gstatic.com/accounts/services/mail/msa/gmail_icon_small.png\" style=\"display:block;float:left;margin-top:4px;margin-right:3px;\"/>Hi Inbox\n                  </font>\n</b>\n</td>\n</tr>\n<tr>\n<td align=\"left\" rowspan=\"1\" width=\"450\">\n<span style=\"font-family:Open Sans, Arial, sans-serif; font-size: 25px\">Get Gmail for your mobile device</span>\n<p>\n<font color=\"#444444\" face=\"Arial,sans-serif\" size=\"-1\" style=\"line-height:1.4em\">Gmail is always available wherever you are, from any device - desktop, laptop, phone or tablet.  Download the app or go to <a href=\"https://www.gmail.com\">gmail.com</a> on your mobile device to get started.</font>\n</p>\n<table border=\"0\" cellpadding=\"0\" cellspacing=\"0\" style=\"border-collapse: collapse;\" width=\"300\">\n<tr>\n<td height=\"60\" width=\"130\">\n<a href=\"https://mail.google.com/mail/help/redirect/index.html?r=android&amp;utm_campaign=android&amp;utm_source=welcome&amp;hl=en\">\n<img alt=\"\" border=\"0\" height=\"41\" src=\"https://ssl.gstatic.com/accounts/services/mail/buttons/google_play_en.png\" style=\"display:block;\" width=\"119\"/>\n</a>\n</td>\n<td height=\"60\" width=\"150\">\n<a href=\"https://mail.google.com/mail/help/redirect/index.html?r=apple&amp;utm_campaign=apple&amp;utm_source=welcome&amp;hl=en\">\n<img alt=\"\" border=\"0\" height=\"42\" src=\"https://ssl.gstatic.com/accounts/services/mail/buttons/apple_store_en.png\" style=\"display:block;\" width=\"140\"/>\n</a>\n</td>\n</tr>\n</table>\n</td>\n<td rowspan=\"1\" width=\"15\"></td>\n<td align=\"left\" width=\"150\">\n<img alt=\"\" src=\"https://ssl.gstatic.com/accounts/services/mail/msa/welcome_nexus.png\" style=\"display:block\"/>\n</td>\n</tr>\n</table>\n<table border=\"0\" cellpadding=\"0\" cellspacing=\"0\" style=\"border-collapse: collapse; \" width=\"540\">\n<tr>\n<td colspan=\"2\" height=\"40\"> </td>\n</tr>\n<tr>\n<td rowspan=\"2\" width=\"68\"><img alt=\"\" src=\"https://ssl.gstatic.com/accounts/services/mail/msa/gmail_icon_large.png\" style=\"display:block\"/></td>\n<td align=\"left\" height=\"20\" valign=\"bottom\"><font color=\"#444444\" face=\"Arial, sans-serif\" size=\"-1\">Happy emailing,</font></td>\n</tr>\n<tr>\n<td align=\"left\" valign=\"top\"><font color=\"#444444\" face=\"Arial, sans-serif\" size=\"+2\"><span style=\"font-family:Open Sans, Arial, sans-serif;\">The Gmail Team</span></font></td>\n</tr>\n<tr>\n<td colspan=\"2\" height=\"62\"> </td>\n</tr>\n</table>\n</td>\n<td height=\"430\" width=\"64\"><img alt=\"\" height=\"430\" src=\"https://ssl.gstatic.com/drive/announcements/images/framework-middle-2-right.png\" style=\"display:block\" width=\"64\"/></td>\n<td> </td>\n</tr>\n<tr>\n<td> </td>\n<td height=\"102\" width=\"64\"><img alt=\"\" height=\"102\" src=\"https://ssl.gstatic.com/drive/announcements/images/framework-bottom-left.png\" style=\"display:block\" width=\"64\"/></td>\n<td background=\"https://ssl.gstatic.com/drive/announcements/images/framework-bottom-middle.png\" height=\"102\" valign=\"top\" width=\"673\">\n<table border=\"0\" cellpadding=\"0\" cellspacing=\"0\" style=\"border-collapse: collapse; \" width=\"100%\">\n<tr>\n<td height=\"12\"></td>\n</tr>\n<tr>\n<td valign=\"bottom\">\n<font color=\"#AAAAAA\" face=\"Arial, sans-serif\" size=\"-2\">\n                  © 2013 Google Inc. 1600 Amphitheatre Parkway, Mountain View, CA 94043\n                </font>\n</td>\n</tr>\n</table>\n</td>\n<td height=\"102\" width=\"64\"><img alt=\"\" height=\"102\" src=\"https://ssl.gstatic.com/drive/announcements/images/framework-bottom-right.png\" style=\"display:block\" width=\"68\"/></td>\n<td> </td>\n</tr>\n</table>\n</body></html>','\n \n \n   \n \n \n \n \n   \n \n \n   \n \n \n \n \n   \n \n \n \n \n \n   \n \n \n \n \n   \n \n \n   \n \n \n \n \n \n \n \n Hi Inbox\n                   \n \n \n \n \n \n Get Gmail for your mobile device \n \n Gmail is always availabl',0,'1457996374675087574','1457996374675087574'),(5,5,'[\"Gmail Team\", \"mail-noreply@google.com\"]',NULL,NULL,'[[\"Inbox App\", \"testinboxapp@gmail.com\"]]','[]','[]',NULL,'<CAE25kW8hTk2m1H0Kokhwd-+W7sDEhcDFWXrwxY1=_1RnKJV=Gg@mail.gmail.com>','Tips for using Gmail','2014-01-23 05:08:15',15714,'6acb2703b3205d6d6c594467a21c8e88e4095c18c65c7776b3346cb94fe12916','{\"List-Id\": null, \"List-Post\": null, \"List-Owner\": null, \"List-Subscribe\": null, \"List-Unsubscribe\": null, \"List-Archive\": null, \"List-Help\": null}','<html xmlns=\"http://www.w3.org/1999/xhtml\"><head><meta content=\"text/html;charset=utf-8\" http-equiv=\"content-type\"/><title>Tips for using Gmail</title></head><body link=\"#1155CC\" marginheight=\"0\" marginwidth=\"0\" text=\"#444444\">\n<table bgcolor=\"#f5f5f5\" border=\"0\" cellpadding=\"0\" cellspacing=\"0\" style=\"border-collapse: collapse;\" width=\"100%\">\n<tr>\n<td> </td>\n<td height=\"51\" width=\"64\"><img alt=\"\" height=\"51\" src=\"https://ssl.gstatic.com/drive/announcements/images/framework-top-left.png\" style=\"display:block\" width=\"64\"/></td>\n<td background=\"https://ssl.gstatic.com/drive/announcements/images/framework-top-middle.png\" bgcolor=\"#f5f5f5\" height=\"51\" valign=\"bottom\" width=\"673\">\n</td>\n<td height=\"51\" width=\"64\"><img alt=\"\" height=\"51\" src=\"https://ssl.gstatic.com/drive/announcements/images/framework-top-right.png\" style=\"display:block\" width=\"68\"/></td>\n<td> </td>\n</tr>\n<tr>\n<td> </td>\n<td height=\"225\" width=\"64\"><img alt=\"\" height=\"225\" src=\"https://ssl.gstatic.com/drive/announcements/images/framework-middle-1-left.png\" style=\"display:block\" width=\"64\"/></td>\n<td bgcolor=\"#ffffff\" valign=\"top\" width=\"668\">\n<table border=\"0\" cellpadding=\"0\" cellspacing=\"0\" style=\"border-collapse: collapse; \" width=\"100%\">\n<tr>\n<td colspan=\"3\"> </td>\n</tr>\n<tr>\n<td align=\"center\" colspan=\"3\" height=\"50\" valign=\"bottom\"><img alt=\"\" src=\"https://ssl.gstatic.com/drive/announcements/images/logo.gif\" style=\"display:block\"/></td>\n</tr>\n<tr>\n<td colspan=\"3\" height=\"40\"> </td>\n</tr>\n<tr>\n<td> </td>\n<td width=\"450\">\n<b>\n<font color=\"#444444\" face=\"Arial, sans-serif\" size=\"-1\" style=\"line-height: 1.4em\">\n<img alt=\"\" src=\"https://ssl.gstatic.com/accounts/services/mail/msa/gmail_icon_small.png\" style=\"display:block;float:left;margin-top:4px;margin-right:3px;\"/>Hi Inbox\n                    </font>\n</b>\n</td>\n<td> </td>\n</tr>\n<tr>\n<td height=\"40\" valign=\"top\">\n</td></tr>\n<tr>\n<td width=\"111\"> </td>\n<td align=\"left\">\n<table border=\"0\" cellpadding=\"0\" cellspacing=\"0\" style=\"border-collapse: collapse;\" width=\"540\">\n<tr>\n<td valign=\"top\"><font color=\"#444444\" face=\"Arial, sans-serif\" size=\"+2\"><span style=\"font-family:Open Sans, Arial, sans-serif; font-size: 25px\">Tips for using Gmail</span></font></td>\n</tr>\n</table>\n</td>\n<td width=\"111\"> </td>\n</tr>\n<tr>\n<td colspan=\"3\" height=\"10\"> </td>\n</tr>\n</table>\n</td>\n<td height=\"225\" width=\"64\"><img alt=\"\" height=\"225\" src=\"https://ssl.gstatic.com/drive/announcements/images/framework-middle-1-right.png\" style=\"display:block\" width=\"64\"/></td>\n<td> </td>\n</tr>\n<tr>\n<td> </td>\n<td height=\"950\" width=\"64\"><img alt=\"\" height=\"950\" src=\"https://ssl.gstatic.com/drive/announcements/images/framework-middle-2-left.png\" style=\"display:block\" width=\"64\"/></td>\n<td align=\"center\" bgcolor=\"#ffffff\" valign=\"top\" width=\"668\">\n<table border=\"0\" cellpadding=\"0\" cellspacing=\"0\" style=\"border-collapse: collapse;\" width=\"540\">\n<tr>\n<td align=\"left\">\n<img alt=\"\" src=\"https://ssl.gstatic.com/accounts/services/mail/msa/welcome_hangouts.png\" style=\"display:block\"/>\n</td>\n<td width=\"15\"></td>\n<td align=\"left\" valign=\"middle\">\n<table border=\"0\" cellpadding=\"0\" cellspacing=\"0\" style=\"border-collapse:collapse;\" width=\"400\">\n<tr>\n<td align=\"left\">\n<font color=\"#444444\" face=\"Arial,sans-serif\" size=\"+1\"><span style=\"font-family:Arial, sans-serif; font-size: 20px;\">Chat right from your inbox</span></font>\n</td>\n</tr>\n<tr>\n<td height=\"10\"></td>\n</tr>\n<tr>\n<td align=\"left\" valign=\"top\">\n<font color=\"#444444\" face=\"Arial,sans-serif\" size=\"-1\" style=\"line-height:1.4em\">Chat with contacts and start video chats with up to 10 people in <a href=\"http://www.google.com/+/learnmore/hangouts/?hl=en\" style=\"text-decoration:none;\">Google+ Hangouts</a>.</font>\n</td>\n</tr>\n</table>\n</td>\n</tr>\n<tr>\n<td colspan=\"3\" height=\"30\"> </td>\n</tr>\n<tr>\n<td align=\"left\">\n<img alt=\"\" src=\"https://ssl.gstatic.com/accounts/services/mail/msa/welcome_contacts.png\" style=\"display:block\"/>\n</td>\n<td width=\"15\"></td>\n<td align=\"left\" valign=\"middle\">\n<table border=\"0\" cellpadding=\"0\" cellspacing=\"0\" style=\"border-collapse:collapse;\" width=\"400\">\n<tr>\n<td align=\"left\">\n<font color=\"#444444\" face=\"Arial,sans-serif\" size=\"+1\"><span style=\"font-family:Arial, sans-serif; font-size: 20px;\">Bring your email into Gmail</span></font>\n</td>\n</tr>\n<tr>\n<td height=\"10\"></td>\n</tr>\n<tr>\n<td align=\"left\" valign=\"top\">\n<font color=\"#444444\" face=\"Arial,sans-serif\" size=\"-1\" style=\"line-height:1.4em\">You can import your email from other webmail to make the transition to Gmail a bit easier. <a href=\"https://support.google.com/mail/answer/164640?hl=en\" style=\"text-decoration:none;\">Learn how.</a></font>\n</td>\n</tr>\n</table>\n</td>\n</tr>\n<tr>\n<td colspan=\"3\" height=\"30\"> </td>\n</tr>\n<tr>\n<td align=\"left\">\n<img alt=\"\" src=\"https://ssl.gstatic.com/mail/welcome/localized/en/welcome_drive.png\" style=\"display:block\"/>\n</td>\n<td width=\"15\"></td>\n<td align=\"left\" valign=\"middle\">\n<table border=\"0\" cellpadding=\"0\" cellspacing=\"0\" style=\"border-collapse:collapse;\" width=\"400\">\n<tr>\n<td align=\"left\">\n<font color=\"#444444\" face=\"Arial,sans-serif\" size=\"+1\"><span style=\"font-family:Arial, sans-serif; font-size: 20px;\">Use Google Drive to send large files</span></font>\n</td>\n</tr>\n<tr>\n<td height=\"10\"></td>\n</tr>\n<tr>\n<td align=\"left\" valign=\"top\">\n<font color=\"#444444\" face=\"Arial,sans-serif\" size=\"-1\" style=\"line-height:1.4em\"><a href=\"https://support.google.com/mail/answer/2480713?hl=en\" style=\"text-decoration:none;\">Send huge files in Gmail </a>  (up to 10GB) using <a href=\"https://drive.google.com/?hl=en\" style=\"text-decoration:none;\">Google Drive</a>. Plus files stored in Drive stay up-to-date automatically so everyone has the most recent version and can access them from anywhere.</font>\n</td>\n</tr>\n</table>\n</td>\n</tr>\n<tr>\n<td colspan=\"3\" height=\"30\"> </td>\n</tr>\n<tr>\n<td align=\"left\">\n<img alt=\"\" src=\"https://ssl.gstatic.com/accounts/services/mail/msa/welcome_storage.png\" style=\"display:block\"/>\n</td>\n<td width=\"15\"></td>\n<td align=\"left\" valign=\"middle\">\n<table border=\"0\" cellpadding=\"0\" cellspacing=\"0\" style=\"border-collapse:collapse;\" width=\"400\">\n<tr>\n<td align=\"left\">\n<font color=\"#444444\" face=\"Arial,sans-serif\" size=\"+1\"><span style=\"font-family:Arial, sans-serif; font-size: 20px;\">Save everything</span></font>\n</td>\n</tr>\n<tr>\n<td height=\"10\"></td>\n</tr>\n<tr>\n<td align=\"left\" valign=\"top\">\n<font color=\"#444444\" face=\"Arial,sans-serif\" size=\"-1\" style=\"line-height:1.4em\">With 10GB of space, you’ll never need to delete an email. Just keep everything and easily find it later.</font>\n</td>\n</tr>\n</table>\n</td>\n</tr>\n<tr>\n<td colspan=\"3\" height=\"30\"> </td>\n</tr>\n<tr>\n<td align=\"left\">\n<img alt=\"\" src=\"https://ssl.gstatic.com/mail/welcome/localized/en/welcome_search.png\" style=\"display:block\"/>\n</td>\n<td width=\"15\"></td>\n<td align=\"left\" valign=\"middle\">\n<table border=\"0\" cellpadding=\"0\" cellspacing=\"0\" style=\"border-collapse:collapse;\" width=\"400\">\n<tr>\n<td align=\"left\">\n<font color=\"#444444\" face=\"Arial,sans-serif\" size=\"+1\"><span style=\"font-family:Arial, sans-serif; font-size: 20px;\">Find emails fast</span></font>\n</td>\n</tr>\n<tr>\n<td height=\"10\"></td>\n</tr>\n<tr>\n<td align=\"left\" valign=\"top\">\n<font color=\"#444444\" face=\"Arial,sans-serif\" size=\"-1\" style=\"line-height:1.4em\">With the power of Google Search right in your inbox, you can quickly find the important emails you need with suggestions based on emails, past searches and contacts.</font>\n</td>\n</tr>\n</table>\n</td>\n</tr>\n<tr>\n<td colspan=\"3\" height=\"30\"> </td>\n</tr>\n</table>\n<table border=\"0\" cellpadding=\"0\" cellspacing=\"0\" style=\"border-collapse: collapse; \" width=\"500\">\n<tr>\n<td colspan=\"2\" height=\"40\"> </td>\n</tr>\n<tr>\n<td rowspan=\"2\" width=\"68\"><img alt=\"\" src=\"https://ssl.gstatic.com/accounts/services/mail/msa/gmail_icon_large.png\" style=\"display:block\"/></td>\n<td align=\"left\" height=\"20\" valign=\"bottom\"><font color=\"#444444\" face=\"Arial, sans-serif\" size=\"-1\">Happy emailing,</font></td>\n</tr>\n<tr>\n<td align=\"left\" valign=\"top\"><font color=\"#444444\" face=\"Arial, sans-serif\" size=\"+2\"><span style=\"font-family:Open Sans, Arial, sans-serif;\">The Gmail Team</span></font></td>\n</tr>\n<tr>\n<td colspan=\"2\" height=\"60\"> </td>\n</tr>\n</table>\n</td>\n<td height=\"950\" width=\"64\"><img alt=\"\" height=\"950\" src=\"https://ssl.gstatic.com/drive/announcements/images/framework-middle-2-right.png\" style=\"display:block\" width=\"64\"/></td>\n<td> </td>\n</tr>\n<tr>\n<td> </td>\n<td height=\"102\" width=\"64\"><img alt=\"\" height=\"102\" src=\"https://ssl.gstatic.com/drive/announcements/images/framework-bottom-left.png\" style=\"display:block\" width=\"64\"/></td>\n<td background=\"https://ssl.gstatic.com/drive/announcements/images/framework-bottom-middle.png\" height=\"102\" valign=\"top\" width=\"673\">\n<table border=\"0\" cellpadding=\"0\" cellspacing=\"0\" style=\"border-collapse: collapse; \" width=\"100%\">\n<tr>\n<td height=\"12\"></td>\n</tr>\n<tr>\n<td valign=\"bottom\">\n<font color=\"#AAAAAA\" face=\"Arial, sans-serif\" size=\"-2\">\n                  © 2013 Google Inc. 1600 Amphitheatre Parkway, Mountain View, CA 94043\n                </font>\n</td>\n</tr>\n</table>\n</td>\n<td height=\"102\" width=\"64\"><img alt=\"\" height=\"102\" src=\"https://ssl.gstatic.com/drive/announcements/images/framework-bottom-right.png\" style=\"display:block\" width=\"68\"/></td>\n<td> </td>\n</tr>\n</table>\n</body></html>','\n \n \n   \n \n \n \n \n   \n \n \n   \n \n \n \n \n   \n \n \n \n \n \n   \n \n \n   \n \n \n \n Hi Inbox\n                     \n \n \n   \n \n \n \n \n \n   \n \n \n \n Tips for using Gmail \n \n \n \n   \n \n \n   \n \n \n \n \n   \n \n \n   \n ',0,'1457996374149388361','1457996374149388361'),(6,6,'[\"Brad Fitzpatrick\", \"bradfitz@golang.org\"]','[\"\", \"golang-nuts@googlegroups.com\"]',NULL,'[[\"kate Fernando\", \"hasaradinu@gmail.com\"]]','[[\"golang-nuts\", \"golang-nuts@googlegroups.com\"]]','[]','\"<0c6138e7-17d2-4600-a734-3f77cae88837@googlegroups.com>\"','<CAFzRk01fxvsK29ZrV7O7d8BE5SHtSi3p8-ZnBfv-shzLE_JG6Q@mail.gmail.com>','[go-nuts] Convert the go object to a JSON string','2014-01-23 05:26:29',16145,'b6d86b6f72f8887f5376ad0f02f138127115658b69ae4cd5cc12c9d04fc493e9','{\"List-Id\": \"<golang-nuts.googlegroups.com>\", \"List-Post\": \"<http://groups.google.com/group/golang-nuts/post>, <mailto:golang-nuts@googlegroups.com>\", \"List-Owner\": null, \"List-Subscribe\": \"<http://groups.google.com/group/golang-nuts/subscribe>, <mailto:golang-nuts+subscribe@googlegroups.com>\", \"List-Unsubscribe\": \"<http://groups.google.com/group/golang-nuts/subscribe>, <mailto:googlegroups-manage+332403668183+unsubscribe@googlegroups.com>\", \"List-Archive\": \"<http://groups.google.com/group/golang-nuts>\", \"List-Help\": \"<http://groups.google.com/support/>, <mailto:golang-nuts+help@googlegroups.com>\"}','<html><body><div dir=\"ltr\"><div>Why don\'t you just use the encoding/json package?</div><div><br/></div><div>What\'s your actual problem?  If you just want to learn to use the reflect package, you can read encoding/json\'s source (which uses reflect itself), or read <a href=\"http://blog.golang.org/laws-of-reflection\">http://blog.golang.org/laws-of-reflection</a> etc.</div>\n<div><br/></div></div><div class=\"gmail_extra\"></div>\n<p></p>\n\n-- <br/>\nYou received this message because you are subscribed to the Google Groups \"golang-nuts\" group.<br/>\nTo unsubscribe from this group and stop receiving emails from it, send an email to golang-nuts+unsubscribe@googlegroups.com.<br/>\nFor more options, visit <a href=\"https://groups.google.com/groups/opt_out\">https://groups.google.com/groups/opt_out</a>.<br/></body></html>','Why don\'t you just use the encoding/json package? What\'s your actual problem?  If you just want to learn to use the reflect package, you can read encoding/json\'s source (which uses reflect it',0,'1457997521161569151','1457997521161569151'),(7,7,'[\"Jesse McNelis\", \"jessta@jessta.id.au\"]','[\"\", \"golang-nuts@googlegroups.com\"]',NULL,'[[\"\", \"miolini@gmail.com\"]]','[]','[]','\"<CAF1mBFbAqgu483Ozi=PEh-6W1d0NrrNs8Xz+REgWqHE7+zqvPw@mail.gmail.com>\"','<CAAuPoqeJaTzztCCkePF2Lxw5UAQ3i8vrd7Be-Z1BcP3yiVE3TA@mail.gmail.com>','[go-nuts] Strange error with html/template','2014-01-23 05:28:03',7622,'e28380bc543ee0e9228338c5314cd81a80be713efffec0e4896016f9472e8259','{\"List-Id\": \"<golang-nuts.googlegroups.com>\", \"List-Post\": \"<http://groups.google.com/group/golang-nuts/post>, <mailto:golang-nuts@googlegroups.com>\", \"List-Owner\": null, \"List-Subscribe\": \"<http://groups.google.com/group/golang-nuts/subscribe>, <mailto:golang-nuts+subscribe@googlegroups.com>\", \"List-Unsubscribe\": \"<http://groups.google.com/group/golang-nuts/subscribe>, <mailto:googlegroups-manage+332403668183+unsubscribe@googlegroups.com>\", \"List-Archive\": \"<http://groups.google.com/group/golang-nuts>\", \"List-Help\": \"<http://groups.google.com/support/>, <mailto:golang-nuts+help@googlegroups.com>\"}','<html><body><div dir=\"ltr\"><div class=\"gmail_extra\">-- <br/>=====================<br/><a href=\"http://jessta.id.au\">http://jessta.id.au</a><br/><br/>\n</div></div>\n<p></p>\n\n-- <br/>\nYou received this message because you are subscribed to the Google Groups \"golang-nuts\" group.<br/>\nTo unsubscribe from this group and stop receiving emails from it, send an email to golang-nuts+unsubscribe@googlegroups.com.<br/>\nFor more options, visit <a href=\"https://groups.google.com/groups/opt_out\">https://groups.google.com/groups/opt_out</a>.<br/></body></html>','--  ===================== http://jessta.id.au \n \n \n\n--  \nYou received this message because you are subscribed to the Google Groups \"golang-nuts\" group. \nTo unsubscribe from this group and sto',0,'1457997619314912665','1457997619314912665');
/*!40000 ALTER TABLE `message` ENABLE KEYS */;
UNLOCK TABLES;

--
-- Table structure for table `namespace`
--

DROP TABLE IF EXISTS `namespace`;
/*!40101 SET @saved_cs_client     = @@character_set_client */;
/*!40101 SET character_set_client = utf8 */;
CREATE TABLE `namespace` (
  `id` int(11) NOT NULL AUTO_INCREMENT,
  `imapaccount_id` int(11) DEFAULT NULL,
  `type` enum('root','shared_folder') NOT NULL,
  PRIMARY KEY (`id`),
  KEY `imapaccount_id` (`imapaccount_id`),
  CONSTRAINT `namespace_ibfk_1` FOREIGN KEY (`imapaccount_id`) REFERENCES `imapaccount` (`id`) ON DELETE CASCADE
) ENGINE=InnoDB AUTO_INCREMENT=2 DEFAULT CHARSET=utf8mb4;
/*!40101 SET character_set_client = @saved_cs_client */;

--
-- Dumping data for table `namespace`
--

LOCK TABLES `namespace` WRITE;
/*!40000 ALTER TABLE `namespace` DISABLE KEYS */;
INSERT INTO `namespace` VALUES (1,1,'root');
/*!40000 ALTER TABLE `namespace` ENABLE KEYS */;
UNLOCK TABLES;

--
-- Table structure for table `sharedfolder`
--

DROP TABLE IF EXISTS `sharedfolder`;
/*!40101 SET @saved_cs_client     = @@character_set_client */;
/*!40101 SET character_set_client = utf8 */;
CREATE TABLE `sharedfolder` (
  `id` int(11) NOT NULL AUTO_INCREMENT,
  `user_id` int(11) NOT NULL,
  `namespace_id` int(11) NOT NULL,
  `display_name` varchar(40) DEFAULT NULL,
  PRIMARY KEY (`id`),
  KEY `user_id` (`user_id`),
  KEY `namespace_id` (`namespace_id`),
  CONSTRAINT `sharedfolder_ibfk_1` FOREIGN KEY (`user_id`) REFERENCES `user` (`id`),
  CONSTRAINT `sharedfolder_ibfk_2` FOREIGN KEY (`namespace_id`) REFERENCES `namespace` (`id`)
) ENGINE=InnoDB DEFAULT CHARSET=utf8mb4;
/*!40101 SET character_set_client = @saved_cs_client */;

--
-- Dumping data for table `sharedfolder`
--

LOCK TABLES `sharedfolder` WRITE;
/*!40000 ALTER TABLE `sharedfolder` DISABLE KEYS */;
/*!40000 ALTER TABLE `sharedfolder` ENABLE KEYS */;
UNLOCK TABLES;

--
-- Table structure for table `thread`
--

DROP TABLE IF EXISTS `thread`;
/*!40101 SET @saved_cs_client     = @@character_set_client */;
/*!40101 SET character_set_client = utf8 */;
CREATE TABLE `thread` (
  `id` int(11) NOT NULL AUTO_INCREMENT,
  `subject` text,
  `subjectdate` datetime NOT NULL,
  `recentdate` datetime NOT NULL,
  `namespace_id` int(11) NOT NULL,
  `g_thrid` varchar(255) DEFAULT NULL,
  PRIMARY KEY (`id`),
  KEY `ix_thread_namespace_id` (`namespace_id`),
  KEY `ix_thread_g_thrid` (`g_thrid`(191)),
  CONSTRAINT `thread_ibfk_1` FOREIGN KEY (`namespace_id`) REFERENCES `namespace` (`id`) ON DELETE CASCADE
) ENGINE=InnoDB AUTO_INCREMENT=8 DEFAULT CHARSET=utf8mb4;
/*!40101 SET character_set_client = @saved_cs_client */;

--
-- Dumping data for table `thread`
--

LOCK TABLES `thread` WRITE;
/*!40000 ALTER TABLE `thread` DISABLE KEYS */;
INSERT INTO `thread` VALUES (1,'[go-nuts] Strange error with html/template','2014-01-23 05:20:23','2014-01-23 05:20:23',1,'1457997137582659815'),(2,'[go-nuts] Weird behaviour of Go compiler.','2014-01-23 05:19:33','2014-01-23 05:19:33',1,'1457997085555638926'),(3,'Welcome to Gmail','2014-01-23 05:08:16','2014-01-23 05:08:16',1,'1457996374982313648'),(4,'Get Gmail for your mobile device','2014-01-23 05:08:15','2014-01-23 05:08:15',1,'1457996374675087574'),(5,'Tips for using Gmail','2014-01-23 05:08:15','2014-01-23 05:08:15',1,'1457996374149388361'),(6,'[go-nuts] Convert the go object to a JSON string','2014-01-23 05:26:29','2014-01-23 05:26:29',1,'1457997521161569151'),(7,'[go-nuts] Strange error with html/template','2014-01-23 05:28:03','2014-01-23 05:28:03',1,'1457997619314912665');
/*!40000 ALTER TABLE `thread` ENABLE KEYS */;
UNLOCK TABLES;

--
-- Table structure for table `transaction`
--

DROP TABLE IF EXISTS `transaction`;
/*!40101 SET @saved_cs_client     = @@character_set_client */;
/*!40101 SET character_set_client = utf8 */;
CREATE TABLE `transaction` (
  `id` int(11) NOT NULL AUTO_INCREMENT,
  `table_name` varchar(20) NOT NULL,
  `record_id` int(11) NOT NULL,
  `command` enum('insert','update','delete') NOT NULL,
  `delta` longtext,
  `namespace_id` int(11) NOT NULL,
  PRIMARY KEY (`id`),
  KEY `namespace_id` (`namespace_id`),
  CONSTRAINT `transaction_ibfk_1` FOREIGN KEY (`namespace_id`) REFERENCES `namespace` (`id`)
) ENGINE=InnoDB AUTO_INCREMENT=44 DEFAULT CHARSET=utf8mb4;
/*!40101 SET character_set_client = @saved_cs_client */;

--
-- Dumping data for table `transaction`
--

LOCK TABLES `transaction` WRITE;
/*!40000 ALTER TABLE `transaction` DISABLE KEYS */;
INSERT INTO `transaction` VALUES (1,'folderitem',3,'insert','{\"thread_id\": 1, \"id\": 3, \"folder_name\": \"[gmail]/all mail\"}',1),(2,'block',1,'insert','{\"walk_index\": 0, \"_content_type_other\": null, \"_content_type_common\": null, \"data_sha256\": \"b5a4cd388253264774512485f3876f16c4c84924d242437302a9774136b0f2c5\", \"id\": 1, \"is_inboxapp_attachment\": false, \"message_id\": 1, \"size\": 2878}',1),(3,'block',3,'insert','{\"walk_index\": 2, \"content_id\": null, \"misc_keyval\": [[\"Content-Type\", [\"text/html\", {\"charset\": \"UTF-8\"}]], [\"Content-Transfer-Encoding\", [\"quoted-printable\", {}]]], \"_content_type_other\": null, \"_content_type_common\": \"text/html\", \"data_sha256\": \"8d80f307dc22437d2b027cbc11b77b73ced85e23288f859306d87c70ebf175d4\", \"id\": 3, \"filename\": null, \"is_inboxapp_attachment\": false, \"message_id\": 1, \"size\": 4301}',1),(4,'block',2,'insert','{\"walk_index\": 1, \"content_id\": null, \"misc_keyval\": [[\"Content-Type\", [\"text/plain\", {\"charset\": \"UTF-8\"}]], [\"Content-Transfer-Encoding\", [\"quoted-printable\", {}]]], \"_content_type_other\": null, \"_content_type_common\": \"text/plain\", \"data_sha256\": \"6bb18fd029b3e9b40089b9b33dfe3edc6557ecd1adcaaf6dae854be6dbea7872\", \"id\": 2, \"filename\": null, \"is_inboxapp_attachment\": false, \"message_id\": 1, \"size\": 2890}',1),(5,'folderitem',1,'insert','{\"thread_id\": 1, \"id\": 1, \"folder_name\": \"important\"}',1),(6,'folderitem',2,'insert','{\"thread_id\": 1, \"id\": 2, \"folder_name\": \"inbox\"}',1),(7,'message',1,'insert','{\"size\": 10836, \"snippet\": \"\", \"internaldate\": {\"$date\": 1390454423000}, \"decode_error\": false, \"g_msgid\": 1457997137582659815, \"from_addr\": [\"Ben Bitdiddle\", \"ben.bitdiddle1861@gmail.com\"], \"g_thrid\": 1457997137582659815, \"to_addr\": [[\"\", \"testinboxapp@gmail.com\"]], \"mailing_list_headers\": {\"List-Id\": null, \"List-Post\": null, \"List-Owner\": null, \"List-Subscribe\": null, \"List-Unsubscribe\": null, \"List-Archive\": null, \"List-Help\": null}, \"message_id\": \"<CABO4WuNkrsw6zjTGbLVGe5k73pwKs+EdY12mfAxJj2z7gkaP_A@mail.gmail.com>\", \"sender_addr\": null, \"thread_id\": 1, \"bcc_addr\": [], \"cc_addr\": [], \"data_sha256\": \"43a35d0e66b781f4db123ede926163b7aa7bccf392ca4af9ac785fdb0ffc39fb\", \"reply_to\": null, \"in_reply_to\": null, \"sanitized_body\": \"<html><body><div dir=\\\"ltr\\\"><br/></div></body></html>\", \"id\": 1, \"subject\": \"[go-nuts] Strange error with html/template\"}',1),(8,'block',4,'insert','{\"walk_index\": 0, \"_content_type_other\": null, \"_content_type_common\": null, \"data_sha256\": \"6c3e555a8b1399b5a6666ea6a8b808be32b7b22f3e4bb48ff5ae8c696aa095fa\", \"id\": 4, \"is_inboxapp_attachment\": false, \"message_id\": 2, \"size\": 5191}',1),(9,'block',6,'insert','{\"walk_index\": 2, \"content_id\": null, \"misc_keyval\": [[\"Content-Type\", [\"text/html\", {\"charset\": \"ISO-8859-1\"}]], [\"Content-Transfer-Encoding\", [\"quoted-printable\", {}]]], \"_content_type_other\": null, \"_content_type_common\": \"text/html\", \"data_sha256\": \"d2c04b83237b2af6baaba5ec04e04eef6de19f8cc8c684cbc0aff2f6c77fed57\", \"id\": 6, \"filename\": null, \"is_inboxapp_attachment\": false, \"message_id\": 2, \"size\": 1079}',1),(10,'message',2,'insert','{\"size\": 7003, \"snippet\": \"I have reproduced it in the last tip for linux/arm. I have added the details here:\\u00a0 https://code.google.com/p/go/issues/detail?id=6993 \\n \\n \\n\\n--  \\nYou received this message because you are sub\", \"internaldate\": {\"$date\": 1390454373000}, \"decode_error\": false, \"g_msgid\": 1457997085555638926, \"from_addr\": [\"Nacho\", \"ncc1701zzz@gmail.com\"], \"g_thrid\": 1457997085555638926, \"to_addr\": [[\"Dave Cheney\", \"dave@cheney.net\"]], \"mailing_list_headers\": {\"List-Id\": \"<golang-nuts.googlegroups.com>\", \"List-Post\": \"<http://groups.google.com/group/golang-nuts/post>, <mailto:golang-nuts@googlegroups.com>\", \"List-Owner\": null, \"List-Subscribe\": \"<http://groups.google.com/group/golang-nuts/subscribe>, <mailto:golang-nuts+subscribe@googlegroups.com>\", \"List-Unsubscribe\": \"<http://groups.google.com/group/golang-nuts/subscribe>, <mailto:googlegroups-manage+332403668183+unsubscribe@googlegroups.com>\", \"List-Archive\": \"<http://groups.google.com/group/golang-nuts>\", \"List-Help\": \"<http://groups.google.com/support/>, <mailto:golang-nuts+help@googlegroups.com>\"}, \"message_id\": \"<CA+Ac+URsAJkqXVau6C0BME=Yc40=TFHcnfyV4=aT7+GrD2oYXA@mail.gmail.com>\", \"sender_addr\": [\"\", \"golang-nuts@googlegroups.com\"], \"thread_id\": 2, \"bcc_addr\": [], \"cc_addr\": [], \"data_sha256\": \"06ef0433d87d9226731e0cb01c6ac72acb2e84d0d149e6a854d20ed7277c634b\", \"reply_to\": null, \"in_reply_to\": \"<CANp9fE9JJ6O19wj=r3CyqTXTJ9vYwUsTD0Fx9xyVGK5OmPKBBw@mail.gmail.com>\", \"sanitized_body\": \"<html><body><div dir=\\\"ltr\\\">I have reproduced it in the last tip for linux/arm. I have added the details here:\\u00a0<a href=\\\"https://code.google.com/p/go/issues/detail?id=6993\\\">https://code.google.com/p/go/issues/detail?id=6993</a><div class=\\\"gmail_extra\\\">\\n</div></div>\\n<p></p>\\n\\n-- <br/>\\nYou received this message because you are subscribed to the Google Groups \\\"golang-nuts\\\" group.<br/>\\nTo unsubscribe from this group and stop receiving emails from it, send an email to golang-nuts+unsubscribe@googlegroups.com.<br/>\\nFor more options, visit <a href=\\\"https://groups.google.com/groups/opt_out\\\">https://groups.google.com/groups/opt_out</a>.<br/></body></html>\", \"id\": 2, \"subject\": \"[go-nuts] Weird behaviour of Go compiler.\"}',1),(11,'block',5,'insert','{\"walk_index\": 1, \"content_id\": null, \"misc_keyval\": [[\"Content-Type\", [\"text/plain\", {\"charset\": \"ISO-8859-1\"}]]], \"_content_type_other\": null, \"_content_type_common\": \"text/plain\", \"data_sha256\": \"288c0081b65542e939b8437461fb8a55e36401ab43f6aea5f64d4760d03531d2\", \"id\": 5, \"filename\": null, \"is_inboxapp_attachment\": false, \"message_id\": 2, \"size\": 572}',1),(12,'folderitem',4,'insert','{\"thread_id\": 2, \"id\": 4, \"folder_name\": \"inbox\"}',1),(13,'folderitem',5,'insert','{\"thread_id\": 2, \"id\": 5, \"folder_name\": \"[gmail]/all mail\"}',1),(14,'block',8,'insert','{\"walk_index\": 1, \"content_id\": null, \"misc_keyval\": [[\"Content-Type\", [\"text/plain\", {\"charset\": \"ISO-8859-1\"}]], [\"Content-Transfer-Encoding\", [\"quoted-printable\", {}]]], \"_content_type_other\": null, \"_content_type_common\": \"text/plain\", \"data_sha256\": \"047fa83a202cebd70ae6dbe912dd197df10187854ffe4decda9ce18f76998a9e\", \"id\": 8, \"filename\": null, \"is_inboxapp_attachment\": false, \"message_id\": 3, \"size\": 1756}',1),(15,'folderitem',7,'insert','{\"thread_id\": 3, \"id\": 7, \"folder_name\": \"[gmail]/all mail\"}',1),(16,'block',7,'insert','{\"walk_index\": 0, \"_content_type_other\": null, \"_content_type_common\": null, \"data_sha256\": \"2249bbabdb27d37e4f12943f747b785d6d2eabc8269e767aed1f1ef05f57c45b\", \"id\": 7, \"is_inboxapp_attachment\": false, \"message_id\": 3, \"size\": 452}',1),(17,'folderitem',6,'insert','{\"thread_id\": 3, \"id\": 6, \"folder_name\": \"inbox\"}',1),(18,'block',9,'insert','{\"walk_index\": 2, \"content_id\": null, \"misc_keyval\": [[\"Content-Type\", [\"text/html\", {\"charset\": \"ISO-8859-1\"}]], [\"Content-Transfer-Encoding\", [\"quoted-printable\", {}]]], \"_content_type_other\": null, \"_content_type_common\": \"text/html\", \"data_sha256\": \"cd44fb22f257932dd15a423134ca62369dbb309d2ea34150f6df427163230397\", \"id\": 9, \"filename\": null, \"is_inboxapp_attachment\": false, \"message_id\": 3, \"size\": 13085}',1),(19,'message',3,'insert','{\"size\": 16789, \"snippet\": \"\\n \\n \\n \\u00a0 \\n \\n \\n \\n \\n \\u00a0 \\n \\n \\n \\u00a0 \\n \\n \\n \\n \\n \\u00a0 \\n \\n \\n \\n \\n \\n \\u00a0 \\n \\n \\n \\u00a0 \\n \\n \\n \\n Hi Inbox\\n                     \\n \\n \\n \\u00a0 \\n \\n \\n \\n \\n \\n \\u00a0 \\n \\n \\n \\n Welcome to Gmail \\n \\n \\n \\n \\u00a0 \\n \\n \\n \\u00a0 \\n \\n \\n \\n \\n \\u00a0 \\n \\n \\n \\u00a0 \\n \\n \\n \", \"internaldate\": {\"$date\": 1390453696000}, \"decode_error\": false, \"g_msgid\": 1457996374982313648, \"from_addr\": [\"Gmail Team\", \"mail-noreply@google.com\"], \"g_thrid\": 1457996374982313648, \"to_addr\": [[\"Inbox App\", \"testinboxapp@gmail.com\"]], \"mailing_list_headers\": {\"List-Id\": null, \"List-Post\": null, \"List-Owner\": null, \"List-Subscribe\": null, \"List-Unsubscribe\": null, \"List-Archive\": null, \"List-Help\": null}, \"message_id\": \"<CAE25kW-f9k=ckpro=0JHo3ZZQ7wdpnNkrYKmfpKh9A1domsyvA@mail.gmail.com>\", \"sender_addr\": null, \"thread_id\": 3, \"bcc_addr\": [], \"cc_addr\": [], \"data_sha256\": \"ae11defd7599cf2ff00c61fdd88b71429c21c04ad42aaf382ff73d9d957cffae\", \"reply_to\": null, \"in_reply_to\": null, \"sanitized_body\": \"<html xmlns=\\\"http://www.w3.org/1999/xhtml\\\"><head><meta content=\\\"text/html;charset=utf-8\\\" http-equiv=\\\"content-type\\\"/><title>Welcome to Gmail</title></head><body link=\\\"#1155CC\\\" marginheight=\\\"0\\\" marginwidth=\\\"0\\\" text=\\\"#444444\\\">\\n<table bgcolor=\\\"#f5f5f5\\\" border=\\\"0\\\" cellpadding=\\\"0\\\" cellspacing=\\\"0\\\" style=\\\"border-collapse: collapse;\\\" width=\\\"100%\\\">\\n<tr>\\n<td>\\u00a0</td>\\n<td height=\\\"51\\\" width=\\\"64\\\"><img alt=\\\"\\\" height=\\\"51\\\" src=\\\"https://ssl.gstatic.com/drive/announcements/images/framework-top-left.png\\\" style=\\\"display:block\\\" width=\\\"64\\\"/></td>\\n<td background=\\\"https://ssl.gstatic.com/drive/announcements/images/framework-top-middle.png\\\" bgcolor=\\\"#f5f5f5\\\" height=\\\"51\\\" valign=\\\"bottom\\\" width=\\\"673\\\">\\n</td>\\n<td height=\\\"51\\\" width=\\\"64\\\"><img alt=\\\"\\\" height=\\\"51\\\" src=\\\"https://ssl.gstatic.com/drive/announcements/images/framework-top-right.png\\\" style=\\\"display:block\\\" width=\\\"68\\\"/></td>\\n<td>\\u00a0</td>\\n</tr>\\n<tr>\\n<td>\\u00a0</td>\\n<td height=\\\"225\\\" width=\\\"64\\\"><img alt=\\\"\\\" height=\\\"225\\\" src=\\\"https://ssl.gstatic.com/drive/announcements/images/framework-middle-1-left.png\\\" style=\\\"display:block\\\" width=\\\"64\\\"/></td>\\n<td bgcolor=\\\"#ffffff\\\" valign=\\\"top\\\" width=\\\"668\\\">\\n<table border=\\\"0\\\" cellpadding=\\\"0\\\" cellspacing=\\\"0\\\" style=\\\"border-collapse: collapse; \\\" width=\\\"100%\\\">\\n<tr>\\n<td colspan=\\\"3\\\">\\u00a0</td>\\n</tr>\\n<tr>\\n<td align=\\\"center\\\" colspan=\\\"3\\\" height=\\\"50\\\" valign=\\\"bottom\\\"><img alt=\\\"\\\" src=\\\"https://ssl.gstatic.com/drive/announcements/images/logo.gif\\\" style=\\\"display:block\\\"/></td>\\n</tr>\\n<tr>\\n<td colspan=\\\"3\\\" height=\\\"40\\\">\\u00a0</td>\\n</tr>\\n<tr>\\n<td>\\u00a0</td>\\n<td width=\\\"450\\\">\\n<b>\\n<font color=\\\"#444444\\\" face=\\\"Arial, sans-serif\\\" size=\\\"-1\\\" style=\\\"line-height: 1.4em\\\">\\n<img alt=\\\"\\\" src=\\\"https://ssl.gstatic.com/accounts/services/mail/msa/gmail_icon_small.png\\\" style=\\\"display:block;float:left;margin-top:4px;margin-right:3px;\\\"/>Hi Inbox\\n                    </font>\\n</b>\\n</td>\\n<td>\\u00a0</td>\\n</tr>\\n<tr>\\n<td height=\\\"40\\\" valign=\\\"top\\\">\\n</td></tr>\\n<tr>\\n<td width=\\\"111\\\">\\u00a0</td>\\n<td align=\\\"left\\\">\\n<table border=\\\"0\\\" cellpadding=\\\"0\\\" cellspacing=\\\"0\\\" style=\\\"border-collapse: collapse;\\\" width=\\\"540\\\">\\n<tr>\\n<td valign=\\\"top\\\"><font color=\\\"#444444\\\" face=\\\"Arial, sans-serif\\\" size=\\\"+2\\\"><span style=\\\"font-family:Arial, sans-serif; font-size: 25px\\\">Welcome to Gmail</span></font></td>\\n</tr>\\n</table>\\n</td>\\n<td width=\\\"111\\\">\\u00a0</td>\\n</tr>\\n<tr>\\n<td colspan=\\\"3\\\" height=\\\"10\\\">\\u00a0</td>\\n</tr>\\n</table>\\n</td>\\n<td height=\\\"225\\\" width=\\\"64\\\"><img alt=\\\"\\\" height=\\\"225\\\" src=\\\"https://ssl.gstatic.com/drive/announcements/images/framework-middle-1-right.png\\\" style=\\\"display:block\\\" width=\\\"64\\\"/></td>\\n<td>\\u00a0</td>\\n</tr>\\n<tr>\\n<td>\\u00a0</td>\\n<td height=\\\"850\\\" width=\\\"64\\\"><img alt=\\\"\\\" height=\\\"850\\\" src=\\\"https://ssl.gstatic.com/drive/announcements/images/framework-middle-2-left.png\\\" style=\\\"display:block\\\" width=\\\"64\\\"/></td>\\n<td align=\\\"center\\\" bgcolor=\\\"#ffffff\\\" valign=\\\"top\\\" width=\\\"668\\\">\\n<table border=\\\"0\\\" cellpadding=\\\"0\\\" cellspacing=\\\"0\\\" style=\\\"border-collapse: collapse; \\\" width=\\\"540\\\">\\n<tr>\\n<td align=\\\"left\\\">\\n<a href=\\\"https://mail.google.com/mail/help/redirect/index.html?r=inboxtabsvideo&amp;utm_source=welcome&amp;hl=en\\\" style=\\\"text-decoration:none;\\\"><img alt=\\\"\\\" border=\\\"0\\\" src=\\\"https://ssl.gstatic.com/mail/welcome/localized/en/welcome_video.png\\\" style=\\\"display:block\\\"/></a>\\n</td>\\n<td width=\\\"15\\\"></td>\\n<td align=\\\"left\\\" valign=\\\"middle\\\">\\n<table border=\\\"0\\\" cellpadding=\\\"0\\\" cellspacing=\\\"0\\\" style=\\\"border-collapse:collapse;\\\" width=\\\"400\\\">\\n<tr>\\n<td align=\\\"left\\\">\\n<font color=\\\"#444444\\\" face=\\\"Arial,sans-serif\\\" size=\\\"+1\\\"><span style=\\\"font-family:Arial, sans-serif; font-size: 20px;\\\">Meet the inbox</span></font>\\n</td>\\n</tr>\\n<tr>\\n<td height=\\\"10\\\"></td>\\n</tr>\\n<tr>\\n<td align=\\\"left\\\" valign=\\\"top\\\">\\n<font color=\\\"#444444\\\" face=\\\"Arial,sans-serif\\\" size=\\\"-1\\\" style=\\\"line-height:1.4em\\\">Your inbox is organized into categories so that you can see what\'s new at a glance and decide which emails you want to read when. <a href=\\\"https://mail.google.com/mail/help/redirect/index.html?r=inboxtabsvideo&amp;utm_source=welcome&amp;hl=en\\\" style=\\\"text-decoration:none;\\\">Watch the video</a></font>\\n</td>\\n</tr>\\n</table>\\n</td>\\n</tr>\\n<tr>\\n<td colspan=\\\"3\\\" height=\\\"30\\\">\\u00a0</td>\\n</tr>\\n<tr>\\n<td align=\\\"left\\\">\\n<img alt=\\\"\\\" src=\\\"https://ssl.gstatic.com/mail/welcome/localized/en/welcome_inbox_tab.png\\\" style=\\\"display:block\\\"/>\\n</td>\\n<td width=\\\"15\\\"></td>\\n<td align=\\\"left\\\" valign=\\\"middle\\\">\\n<table border=\\\"0\\\" cellpadding=\\\"0\\\" cellspacing=\\\"0\\\" style=\\\"border-collapse:collapse;\\\" width=\\\"400\\\">\\n<tr>\\n<td align=\\\"left\\\">\\n<font color=\\\"#444444\\\" face=\\\"Arial,sans-serif\\\" size=\\\"+1\\\"><span style=\\\"font-family:Arial, sans-serif; font-size: 20px;\\\">Organized into categories</span></font>\\n</td>\\n</tr>\\n<tr>\\n<td height=\\\"10\\\"></td>\\n</tr>\\n<tr>\\n<td align=\\\"left\\\" valign=\\\"top\\\">\\n<font color=\\\"#444444\\\" face=\\\"Arial,sans-serif\\\" size=\\\"-1\\\" style=\\\"line-height:1.4em\\\">You choose from five optional tabs: Primary, Social, Promotions, Updates and Forums.  Primary, Social and Promotions are enabled by default. These categories make it easy to read messages of the same type all at once.</font>\\n</td>\\n</tr>\\n</table>\\n</td>\\n</tr>\\n<tr>\\n<td colspan=\\\"3\\\" height=\\\"30\\\">\\u00a0</td>\\n</tr>\\n<tr>\\n<td align=\\\"left\\\">\\n<img alt=\\\"\\\" src=\\\"https://ssl.gstatic.com/mail/welcome/localized/en/welcome_customize.png\\\" style=\\\"display:block\\\"/>\\n</td>\\n<td width=\\\"15\\\"></td>\\n<td align=\\\"left\\\" valign=\\\"middle\\\">\\n<table border=\\\"0\\\" cellpadding=\\\"0\\\" cellspacing=\\\"0\\\" style=\\\"border-collapse:collapse;\\\" width=\\\"400\\\">\\n<tr>\\n<td align=\\\"left\\\">\\n<font color=\\\"#444444\\\" face=\\\"Arial,sans-serif\\\" size=\\\"+1\\\"><span style=\\\"font-family:Arial, sans-serif; font-size: 20px;\\\">Easy to customize</span></font>\\n</td>\\n</tr>\\n<tr>\\n<td height=\\\"10\\\"></td>\\n</tr>\\n<tr>\\n<td align=\\\"left\\\" valign=\\\"top\\\">\\n<font color=\\\"#444444\\\" face=\\\"Arial,sans-serif\\\" size=\\\"-1\\\" style=\\\"line-height:1.4em\\\">Select the tabs you want from all five to none. And, if you see a message you want in a different tab, all you have to do is drag and drop it into the tab you choose. <a href=\\\"https://support.google.com/mail?hl=en&amp;p=inboxtabs\\\" style=\\\"text-decoration:none;\\\">More tips</a></font>\\n</td>\\n</tr>\\n</table>\\n</td>\\n</tr>\\n<tr>\\n<td colspan=\\\"3\\\" height=\\\"30\\\">\\u00a0</td>\\n</tr>\\n<tr>\\n<td align=\\\"left\\\">\\n<img alt=\\\"\\\" src=\\\"https://ssl.gstatic.com/mail/welcome/localized/en/welcome_mobile.png\\\" style=\\\"display:block\\\"/>\\n</td>\\n<td width=\\\"15\\\"></td>\\n<td align=\\\"left\\\" valign=\\\"middle\\\">\\n<table border=\\\"0\\\" cellpadding=\\\"0\\\" cellspacing=\\\"0\\\" style=\\\"border-collapse:collapse;\\\" width=\\\"400\\\">\\n<tr>\\n<td align=\\\"left\\\">\\n<font color=\\\"#444444\\\" face=\\\"Arial,sans-serif\\\" size=\\\"+1\\\"><span style=\\\"font-family:Arial, sans-serif; font-size: 20px;\\\">Get the inbox on your mobile device</span></font>\\n</td>\\n</tr>\\n<tr>\\n<td height=\\\"10\\\"></td>\\n</tr>\\n<tr>\\n<td align=\\\"left\\\" valign=\\\"top\\\">\\n<font color=\\\"#444444\\\" face=\\\"Arial,sans-serif\\\" size=\\\"-1\\\" style=\\\"line-height:1.4em\\\">Gmail\'s inbox is available in Gmail\'s official mobile apps on <a href=\\\"https://mail.google.com/mail/help/redirect/index.html?r=android&amp;utm_campaign=android&amp;utm_source=welcome&amp;hl=en\\\" style=\\\"text-decoration:none;\\\">Android 4.0+ devices</a> as well as <a href=\\\"https://mail.google.com/mail/help/redirect/index.html?r=apple&amp;hl=en\\\" style=\\\"text-decoration:none;\\\">iPhone and iPad</a>.  Your mobile inbox and notifications show primary email.  It\'s easy to access and keep track of email in other categories.</font>\\n<table border=\\\"0\\\" cellpadding=\\\"0\\\" cellspacing=\\\"0\\\" style=\\\"border-collapse: collapse;\\\" width=\\\"300\\\">\\n<tr>\\n<td height=\\\"60\\\" width=\\\"130\\\">\\n<a href=\\\"https://mail.google.com/mail/help/redirect/index.html?r=android&amp;utm_campaign=android&amp;utm_source=welcome&amp;hl=en\\\" style=\\\"text-decoration:none;\\\">\\n<img alt=\\\"\\\" border=\\\"0\\\" height=\\\"41\\\" src=\\\"https://ssl.gstatic.com/accounts/services/mail/buttons/google_play_en.png\\\" style=\\\"display:block;\\\" width=\\\"119\\\"/>\\n</a>\\n</td>\\n<td height=\\\"60\\\" width=\\\"150\\\">\\n<a href=\\\"https://mail.google.com/mail/help/redirect/index.html?r=apple&amp;utm_campaign=apple&amp;utm_source=welcome&amp;hl=en\\\" style=\\\"text-decoration:none;\\\">\\n<img alt=\\\"\\\" border=\\\"0\\\" height=\\\"42\\\" src=\\\"https://ssl.gstatic.com/accounts/services/mail/buttons/apple_store_en.png\\\" style=\\\"display:block;\\\" width=\\\"140\\\"/>\\n</a>\\n</td>\\n</tr>\\n</table>\\n</td>\\n</tr>\\n</table>\\n</td>\\n</tr>\\n<tr>\\n<td colspan=\\\"3\\\" height=\\\"30\\\">\\u00a0</td>\\n</tr>\\n</table>\\n<table border=\\\"0\\\" cellpadding=\\\"0\\\" cellspacing=\\\"0\\\" style=\\\"border-collapse: collapse; \\\" width=\\\"500\\\">\\n<tr>\\n<td colspan=\\\"2\\\" height=\\\"40\\\">\\u00a0</td>\\n</tr>\\n<tr>\\n<td rowspan=\\\"2\\\" width=\\\"68\\\"><img alt=\\\"\\\" src=\\\"https://ssl.gstatic.com/accounts/services/mail/msa/gmail_icon_large.png\\\" style=\\\"display:block\\\"/></td>\\n<td align=\\\"left\\\" height=\\\"20\\\" valign=\\\"bottom\\\"><font color=\\\"#444444\\\" face=\\\"Arial, sans-serif\\\" size=\\\"-1\\\">Happy emailing,</font></td>\\n</tr>\\n<tr>\\n<td align=\\\"left\\\" valign=\\\"top\\\"><font color=\\\"#444444\\\" face=\\\"Arial, sans-serif\\\" size=\\\"+2\\\"><span style=\\\"font-family:Arial, sans-serif;\\\">The Gmail Team</span></font></td>\\n</tr>\\n<tr>\\n<td colspan=\\\"2\\\" height=\\\"60\\\">\\u00a0</td>\\n</tr>\\n</table>\\n</td>\\n<td height=\\\"850\\\" width=\\\"64\\\"><img alt=\\\"\\\" height=\\\"850\\\" src=\\\"https://ssl.gstatic.com/drive/announcements/images/framework-middle-2-right.png\\\" style=\\\"display:block\\\" width=\\\"64\\\"/></td>\\n<td>\\u00a0</td>\\n</tr>\\n<tr>\\n<td>\\u00a0</td>\\n<td height=\\\"102\\\" width=\\\"64\\\"><img alt=\\\"\\\" height=\\\"102\\\" src=\\\"https://ssl.gstatic.com/drive/announcements/images/framework-bottom-left.png\\\" style=\\\"display:block\\\" width=\\\"64\\\"/></td>\\n<td background=\\\"https://ssl.gstatic.com/drive/announcements/images/framework-bottom-middle.png\\\" height=\\\"102\\\" valign=\\\"top\\\" width=\\\"673\\\">\\n<table border=\\\"0\\\" cellpadding=\\\"0\\\" cellspacing=\\\"0\\\" style=\\\"border-collapse: collapse; \\\" width=\\\"100%\\\">\\n<tr>\\n<td height=\\\"12\\\"></td>\\n</tr>\\n<tr>\\n<td valign=\\\"bottom\\\">\\n<font color=\\\"#AAAAAA\\\" face=\\\"Arial, sans-serif\\\" size=\\\"-2\\\">\\n                  \\u00a9 2013 Google Inc. 1600 Amphitheatre Parkway, Mountain View, CA 94043\\n                </font>\\n</td>\\n</tr>\\n</table>\\n</td>\\n<td height=\\\"102\\\" width=\\\"64\\\"><img alt=\\\"\\\" height=\\\"102\\\" src=\\\"https://ssl.gstatic.com/drive/announcements/images/framework-bottom-right.png\\\" style=\\\"display:block\\\" width=\\\"68\\\"/></td>\\n<td>\\u00a0</td>\\n</tr>\\n</table>\\n</body></html>\", \"id\": 3, \"subject\": \"Welcome to Gmail\"}',1),(20,'block',12,'insert','{\"walk_index\": 2, \"content_id\": null, \"misc_keyval\": [[\"Content-Type\", [\"text/html\", {\"charset\": \"ISO-8859-1\"}]], [\"Content-Transfer-Encoding\", [\"quoted-printable\", {}]]], \"_content_type_other\": null, \"_content_type_common\": \"text/html\", \"data_sha256\": \"a5de2bb5b246fdf0f32a588af13a7d7534d66959cc5e0d83889c002847a5f493\", \"id\": 12, \"filename\": null, \"is_inboxapp_attachment\": false, \"message_id\": 4, \"size\": 7041}',1),(21,'folderitem',9,'insert','{\"thread_id\": 4, \"id\": 9, \"folder_name\": \"[gmail]/all mail\"}',1),(22,'message',4,'insert','{\"size\": 9094, \"snippet\": \"\\n \\n \\n \\u00a0 \\n \\n \\n \\n \\n \\u00a0 \\n \\n \\n \\u00a0 \\n \\n \\n \\n \\n \\u00a0 \\n \\n \\n \\n \\n \\n \\u00a0 \\n \\n \\n \\n \\n \\u00a0 \\n \\n \\n \\u00a0 \\n \\n \\n \\n \\n \\n \\n \\n Hi Inbox\\n                   \\n \\n \\n \\n \\n \\n Get Gmail for your mobile device \\n \\n Gmail is always availabl\", \"internaldate\": {\"$date\": 1390453695000}, \"decode_error\": false, \"g_msgid\": 1457996374675087574, \"from_addr\": [\"Gmail Team\", \"mail-noreply@google.com\"], \"g_thrid\": 1457996374675087574, \"to_addr\": [[\"Inbox App\", \"testinboxapp@gmail.com\"]], \"mailing_list_headers\": {\"List-Id\": null, \"List-Post\": null, \"List-Owner\": null, \"List-Subscribe\": null, \"List-Unsubscribe\": null, \"List-Archive\": null, \"List-Help\": null}, \"message_id\": \"<CAE25kW_nRzFj7Hc77FcU=EoNDT4X2DKpzjoiDUMt-g6-8Rrr7A@mail.gmail.com>\", \"sender_addr\": null, \"thread_id\": 4, \"bcc_addr\": [], \"cc_addr\": [], \"data_sha256\": \"5da233fac8b41b54c96d707ecb96663e625e8c2215278e9e6f601bd8e831db9e\", \"reply_to\": null, \"in_reply_to\": null, \"sanitized_body\": \"<html xmlns=\\\"http://www.w3.org/1999/xhtml\\\"><head><meta content=\\\"text/html;charset=utf-8\\\" http-equiv=\\\"content-type\\\"/><title>Get Gmail for your mobile device</title></head><body link=\\\"#1155CC\\\" marginheight=\\\"0\\\" marginwidth=\\\"0\\\" text=\\\"#444444\\\">\\n<table bgcolor=\\\"#f5f5f5\\\" border=\\\"0\\\" cellpadding=\\\"0\\\" cellspacing=\\\"0\\\" style=\\\"border-collapse: collapse;\\\" width=\\\"100%\\\">\\n<tr>\\n<td>\\u00a0</td>\\n<td height=\\\"51\\\" width=\\\"64\\\"><img alt=\\\"\\\" height=\\\"51\\\" src=\\\"https://ssl.gstatic.com/drive/announcements/images/framework-top-left.png\\\" style=\\\"display:block\\\" width=\\\"64\\\"/></td>\\n<td background=\\\"https://ssl.gstatic.com/drive/announcements/images/framework-top-middle.png\\\" bgcolor=\\\"#f5f5f5\\\" height=\\\"51\\\" valign=\\\"bottom\\\" width=\\\"673\\\">\\n</td>\\n<td height=\\\"51\\\" width=\\\"64\\\"><img alt=\\\"\\\" height=\\\"51\\\" src=\\\"https://ssl.gstatic.com/drive/announcements/images/framework-top-right.png\\\" style=\\\"display:block\\\" width=\\\"68\\\"/></td>\\n<td>\\u00a0</td>\\n</tr>\\n<tr>\\n<td>\\u00a0</td>\\n<td height=\\\"100\\\" width=\\\"64\\\"><img alt=\\\"\\\" height=\\\"100\\\" src=\\\"https://ssl.gstatic.com/drive/announcements/images/framework-middle-1-left.png\\\" style=\\\"display:block\\\" width=\\\"64\\\"/></td>\\n<td bgcolor=\\\"#ffffff\\\" valign=\\\"top\\\" width=\\\"668\\\">\\n<table border=\\\"0\\\" cellpadding=\\\"0\\\" cellspacing=\\\"0\\\" style=\\\"border-collapse: collapse;\\\" width=\\\"100%\\\">\\n<tr>\\n<td colspan=\\\"3\\\">\\u00a0</td>\\n</tr>\\n<tr>\\n<td align=\\\"center\\\" colspan=\\\"3\\\" height=\\\"50\\\" valign=\\\"bottom\\\"><img alt=\\\"\\\" src=\\\"https://ssl.gstatic.com/drive/announcements/images/logo.gif\\\" style=\\\"display:block\\\"/></td>\\n</tr>\\n<tr>\\n<td colspan=\\\"3\\\">\\u00a0</td>\\n</tr>\\n</table>\\n</td>\\n<td height=\\\"100\\\" width=\\\"64\\\"><img alt=\\\"\\\" height=\\\"100\\\" src=\\\"https://ssl.gstatic.com/drive/announcements/images/framework-middle-1-right.png\\\" style=\\\"display:block\\\" width=\\\"64\\\"/></td>\\n<td>\\u00a0</td>\\n</tr>\\n<tr>\\n<td>\\u00a0</td>\\n<td height=\\\"430\\\" width=\\\"64\\\"><img alt=\\\"\\\" height=\\\"430\\\" src=\\\"https://ssl.gstatic.com/drive/announcements/images/framework-middle-2-left.png\\\" style=\\\"display:block\\\" width=\\\"64\\\"/></td>\\n<td align=\\\"center\\\" bgcolor=\\\"#ffffff\\\" valign=\\\"top\\\" width=\\\"668\\\">\\n<table border=\\\"0\\\" cellpadding=\\\"0\\\" cellspacing=\\\"0\\\" style=\\\"border-collapse: collapse; \\\" width=\\\"540\\\">\\n<tr>\\n<td align=\\\"left\\\">\\n<b>\\n<font color=\\\"#444444\\\" face=\\\"Arial, sans-serif\\\" size=\\\"-1\\\" style=\\\"line-height: 1.4em\\\">\\n<img alt=\\\"\\\" src=\\\"https://ssl.gstatic.com/accounts/services/mail/msa/gmail_icon_small.png\\\" style=\\\"display:block;float:left;margin-top:4px;margin-right:3px;\\\"/>Hi Inbox\\n                  </font>\\n</b>\\n</td>\\n</tr>\\n<tr>\\n<td align=\\\"left\\\" rowspan=\\\"1\\\" width=\\\"450\\\">\\n<span style=\\\"font-family:Open Sans, Arial, sans-serif; font-size: 25px\\\">Get Gmail for your mobile device</span>\\n<p>\\n<font color=\\\"#444444\\\" face=\\\"Arial,sans-serif\\\" size=\\\"-1\\\" style=\\\"line-height:1.4em\\\">Gmail is always available wherever you are, from any device - desktop, laptop, phone or tablet.  Download the app or go to <a href=\\\"https://www.gmail.com\\\">gmail.com</a> on your mobile device to get started.</font>\\n</p>\\n<table border=\\\"0\\\" cellpadding=\\\"0\\\" cellspacing=\\\"0\\\" style=\\\"border-collapse: collapse;\\\" width=\\\"300\\\">\\n<tr>\\n<td height=\\\"60\\\" width=\\\"130\\\">\\n<a href=\\\"https://mail.google.com/mail/help/redirect/index.html?r=android&amp;utm_campaign=android&amp;utm_source=welcome&amp;hl=en\\\">\\n<img alt=\\\"\\\" border=\\\"0\\\" height=\\\"41\\\" src=\\\"https://ssl.gstatic.com/accounts/services/mail/buttons/google_play_en.png\\\" style=\\\"display:block;\\\" width=\\\"119\\\"/>\\n</a>\\n</td>\\n<td height=\\\"60\\\" width=\\\"150\\\">\\n<a href=\\\"https://mail.google.com/mail/help/redirect/index.html?r=apple&amp;utm_campaign=apple&amp;utm_source=welcome&amp;hl=en\\\">\\n<img alt=\\\"\\\" border=\\\"0\\\" height=\\\"42\\\" src=\\\"https://ssl.gstatic.com/accounts/services/mail/buttons/apple_store_en.png\\\" style=\\\"display:block;\\\" width=\\\"140\\\"/>\\n</a>\\n</td>\\n</tr>\\n</table>\\n</td>\\n<td rowspan=\\\"1\\\" width=\\\"15\\\"></td>\\n<td align=\\\"left\\\" width=\\\"150\\\">\\n<img alt=\\\"\\\" src=\\\"https://ssl.gstatic.com/accounts/services/mail/msa/welcome_nexus.png\\\" style=\\\"display:block\\\"/>\\n</td>\\n</tr>\\n</table>\\n<table border=\\\"0\\\" cellpadding=\\\"0\\\" cellspacing=\\\"0\\\" style=\\\"border-collapse: collapse; \\\" width=\\\"540\\\">\\n<tr>\\n<td colspan=\\\"2\\\" height=\\\"40\\\">\\u00a0</td>\\n</tr>\\n<tr>\\n<td rowspan=\\\"2\\\" width=\\\"68\\\"><img alt=\\\"\\\" src=\\\"https://ssl.gstatic.com/accounts/services/mail/msa/gmail_icon_large.png\\\" style=\\\"display:block\\\"/></td>\\n<td align=\\\"left\\\" height=\\\"20\\\" valign=\\\"bottom\\\"><font color=\\\"#444444\\\" face=\\\"Arial, sans-serif\\\" size=\\\"-1\\\">Happy emailing,</font></td>\\n</tr>\\n<tr>\\n<td align=\\\"left\\\" valign=\\\"top\\\"><font color=\\\"#444444\\\" face=\\\"Arial, sans-serif\\\" size=\\\"+2\\\"><span style=\\\"font-family:Open Sans, Arial, sans-serif;\\\">The Gmail Team</span></font></td>\\n</tr>\\n<tr>\\n<td colspan=\\\"2\\\" height=\\\"62\\\">\\u00a0</td>\\n</tr>\\n</table>\\n</td>\\n<td height=\\\"430\\\" width=\\\"64\\\"><img alt=\\\"\\\" height=\\\"430\\\" src=\\\"https://ssl.gstatic.com/drive/announcements/images/framework-middle-2-right.png\\\" style=\\\"display:block\\\" width=\\\"64\\\"/></td>\\n<td>\\u00a0</td>\\n</tr>\\n<tr>\\n<td>\\u00a0</td>\\n<td height=\\\"102\\\" width=\\\"64\\\"><img alt=\\\"\\\" height=\\\"102\\\" src=\\\"https://ssl.gstatic.com/drive/announcements/images/framework-bottom-left.png\\\" style=\\\"display:block\\\" width=\\\"64\\\"/></td>\\n<td background=\\\"https://ssl.gstatic.com/drive/announcements/images/framework-bottom-middle.png\\\" height=\\\"102\\\" valign=\\\"top\\\" width=\\\"673\\\">\\n<table border=\\\"0\\\" cellpadding=\\\"0\\\" cellspacing=\\\"0\\\" style=\\\"border-collapse: collapse; \\\" width=\\\"100%\\\">\\n<tr>\\n<td height=\\\"12\\\"></td>\\n</tr>\\n<tr>\\n<td valign=\\\"bottom\\\">\\n<font color=\\\"#AAAAAA\\\" face=\\\"Arial, sans-serif\\\" size=\\\"-2\\\">\\n                  \\u00a9 2013 Google Inc. 1600 Amphitheatre Parkway, Mountain View, CA 94043\\n                </font>\\n</td>\\n</tr>\\n</table>\\n</td>\\n<td height=\\\"102\\\" width=\\\"64\\\"><img alt=\\\"\\\" height=\\\"102\\\" src=\\\"https://ssl.gstatic.com/drive/announcements/images/framework-bottom-right.png\\\" style=\\\"display:block\\\" width=\\\"68\\\"/></td>\\n<td>\\u00a0</td>\\n</tr>\\n</table>\\n</body></html>\", \"id\": 4, \"subject\": \"Get Gmail for your mobile device\"}',1),(23,'block',11,'insert','{\"walk_index\": 1, \"content_id\": null, \"misc_keyval\": [[\"Content-Type\", [\"text/plain\", {\"charset\": \"ISO-8859-1\"}]], [\"Content-Transfer-Encoding\", [\"quoted-printable\", {}]]], \"_content_type_other\": null, \"_content_type_common\": \"text/plain\", \"data_sha256\": \"3566785a8b48d288237d7634ce2a3ffd363a2fd86667fbe0753d7fc9868f84b0\", \"id\": 11, \"filename\": null, \"is_inboxapp_attachment\": false, \"message_id\": 4, \"size\": 645}',1),(24,'folderitem',8,'insert','{\"thread_id\": 4, \"id\": 8, \"folder_name\": \"inbox\"}',1),(25,'block',10,'insert','{\"walk_index\": 0, \"_content_type_other\": null, \"_content_type_common\": null, \"data_sha256\": \"c32547c85aa035bcfcad78e1e0d0663fb153edcbe3fab2635f0662c5cc4130b1\", \"id\": 10, \"is_inboxapp_attachment\": false, \"message_id\": 4, \"size\": 468}',1),(26,'folderitem',10,'insert','{\"thread_id\": 5, \"id\": 10, \"folder_name\": \"inbox\"}',1),(27,'block',14,'insert','{\"walk_index\": 1, \"content_id\": null, \"misc_keyval\": [[\"Content-Type\", [\"text/plain\", {\"charset\": \"windows-1252\"}]], [\"Content-Transfer-Encoding\", [\"quoted-printable\", {}]]], \"_content_type_other\": null, \"_content_type_common\": \"text/plain\", \"data_sha256\": \"b1558fdb97bc5918be82a7d342358fdd8abaa32cace1c96056319c594af6ddfe\", \"id\": 14, \"filename\": null, \"is_inboxapp_attachment\": false, \"message_id\": 5, \"size\": 1251}',1),(28,'block',15,'insert','{\"walk_index\": 2, \"content_id\": null, \"misc_keyval\": [[\"Content-Type\", [\"text/html\", {\"charset\": \"windows-1252\"}]], [\"Content-Transfer-Encoding\", [\"quoted-printable\", {}]]], \"_content_type_other\": null, \"_content_type_common\": \"text/html\", \"data_sha256\": \"5ef8b7411036839cf82f81125fda1227b56378c14e4d2f2e251aaaa5496062ad\", \"id\": 15, \"filename\": null, \"is_inboxapp_attachment\": false, \"message_id\": 5, \"size\": 12626}',1),(29,'message',5,'insert','{\"size\": 15714, \"snippet\": \"\\n \\n \\n \\u00a0 \\n \\n \\n \\n \\n \\u00a0 \\n \\n \\n \\u00a0 \\n \\n \\n \\n \\n \\u00a0 \\n \\n \\n \\n \\n \\n \\u00a0 \\n \\n \\n \\u00a0 \\n \\n \\n \\n Hi Inbox\\n                     \\n \\n \\n \\u00a0 \\n \\n \\n \\n \\n \\n \\u00a0 \\n \\n \\n \\n Tips for using Gmail \\n \\n \\n \\n \\u00a0 \\n \\n \\n \\u00a0 \\n \\n \\n \\n \\n \\u00a0 \\n \\n \\n \\u00a0 \\n \", \"internaldate\": {\"$date\": 1390453695000}, \"decode_error\": false, \"g_msgid\": 1457996374149388361, \"from_addr\": [\"Gmail Team\", \"mail-noreply@google.com\"], \"g_thrid\": 1457996374149388361, \"to_addr\": [[\"Inbox App\", \"testinboxapp@gmail.com\"]], \"mailing_list_headers\": {\"List-Id\": null, \"List-Post\": null, \"List-Owner\": null, \"List-Subscribe\": null, \"List-Unsubscribe\": null, \"List-Archive\": null, \"List-Help\": null}, \"message_id\": \"<CAE25kW8hTk2m1H0Kokhwd-+W7sDEhcDFWXrwxY1=_1RnKJV=Gg@mail.gmail.com>\", \"sender_addr\": null, \"thread_id\": 5, \"bcc_addr\": [], \"cc_addr\": [], \"data_sha256\": \"6acb2703b3205d6d6c594467a21c8e88e4095c18c65c7776b3346cb94fe12916\", \"reply_to\": null, \"in_reply_to\": null, \"sanitized_body\": \"<html xmlns=\\\"http://www.w3.org/1999/xhtml\\\"><head><meta content=\\\"text/html;charset=utf-8\\\" http-equiv=\\\"content-type\\\"/><title>Tips for using Gmail</title></head><body link=\\\"#1155CC\\\" marginheight=\\\"0\\\" marginwidth=\\\"0\\\" text=\\\"#444444\\\">\\n<table bgcolor=\\\"#f5f5f5\\\" border=\\\"0\\\" cellpadding=\\\"0\\\" cellspacing=\\\"0\\\" style=\\\"border-collapse: collapse;\\\" width=\\\"100%\\\">\\n<tr>\\n<td>\\u00a0</td>\\n<td height=\\\"51\\\" width=\\\"64\\\"><img alt=\\\"\\\" height=\\\"51\\\" src=\\\"https://ssl.gstatic.com/drive/announcements/images/framework-top-left.png\\\" style=\\\"display:block\\\" width=\\\"64\\\"/></td>\\n<td background=\\\"https://ssl.gstatic.com/drive/announcements/images/framework-top-middle.png\\\" bgcolor=\\\"#f5f5f5\\\" height=\\\"51\\\" valign=\\\"bottom\\\" width=\\\"673\\\">\\n</td>\\n<td height=\\\"51\\\" width=\\\"64\\\"><img alt=\\\"\\\" height=\\\"51\\\" src=\\\"https://ssl.gstatic.com/drive/announcements/images/framework-top-right.png\\\" style=\\\"display:block\\\" width=\\\"68\\\"/></td>\\n<td>\\u00a0</td>\\n</tr>\\n<tr>\\n<td>\\u00a0</td>\\n<td height=\\\"225\\\" width=\\\"64\\\"><img alt=\\\"\\\" height=\\\"225\\\" src=\\\"https://ssl.gstatic.com/drive/announcements/images/framework-middle-1-left.png\\\" style=\\\"display:block\\\" width=\\\"64\\\"/></td>\\n<td bgcolor=\\\"#ffffff\\\" valign=\\\"top\\\" width=\\\"668\\\">\\n<table border=\\\"0\\\" cellpadding=\\\"0\\\" cellspacing=\\\"0\\\" style=\\\"border-collapse: collapse; \\\" width=\\\"100%\\\">\\n<tr>\\n<td colspan=\\\"3\\\">\\u00a0</td>\\n</tr>\\n<tr>\\n<td align=\\\"center\\\" colspan=\\\"3\\\" height=\\\"50\\\" valign=\\\"bottom\\\"><img alt=\\\"\\\" src=\\\"https://ssl.gstatic.com/drive/announcements/images/logo.gif\\\" style=\\\"display:block\\\"/></td>\\n</tr>\\n<tr>\\n<td colspan=\\\"3\\\" height=\\\"40\\\">\\u00a0</td>\\n</tr>\\n<tr>\\n<td>\\u00a0</td>\\n<td width=\\\"450\\\">\\n<b>\\n<font color=\\\"#444444\\\" face=\\\"Arial, sans-serif\\\" size=\\\"-1\\\" style=\\\"line-height: 1.4em\\\">\\n<img alt=\\\"\\\" src=\\\"https://ssl.gstatic.com/accounts/services/mail/msa/gmail_icon_small.png\\\" style=\\\"display:block;float:left;margin-top:4px;margin-right:3px;\\\"/>Hi Inbox\\n                    </font>\\n</b>\\n</td>\\n<td>\\u00a0</td>\\n</tr>\\n<tr>\\n<td height=\\\"40\\\" valign=\\\"top\\\">\\n</td></tr>\\n<tr>\\n<td width=\\\"111\\\">\\u00a0</td>\\n<td align=\\\"left\\\">\\n<table border=\\\"0\\\" cellpadding=\\\"0\\\" cellspacing=\\\"0\\\" style=\\\"border-collapse: collapse;\\\" width=\\\"540\\\">\\n<tr>\\n<td valign=\\\"top\\\"><font color=\\\"#444444\\\" face=\\\"Arial, sans-serif\\\" size=\\\"+2\\\"><span style=\\\"font-family:Open Sans, Arial, sans-serif; font-size: 25px\\\">Tips for using Gmail</span></font></td>\\n</tr>\\n</table>\\n</td>\\n<td width=\\\"111\\\">\\u00a0</td>\\n</tr>\\n<tr>\\n<td colspan=\\\"3\\\" height=\\\"10\\\">\\u00a0</td>\\n</tr>\\n</table>\\n</td>\\n<td height=\\\"225\\\" width=\\\"64\\\"><img alt=\\\"\\\" height=\\\"225\\\" src=\\\"https://ssl.gstatic.com/drive/announcements/images/framework-middle-1-right.png\\\" style=\\\"display:block\\\" width=\\\"64\\\"/></td>\\n<td>\\u00a0</td>\\n</tr>\\n<tr>\\n<td>\\u00a0</td>\\n<td height=\\\"950\\\" width=\\\"64\\\"><img alt=\\\"\\\" height=\\\"950\\\" src=\\\"https://ssl.gstatic.com/drive/announcements/images/framework-middle-2-left.png\\\" style=\\\"display:block\\\" width=\\\"64\\\"/></td>\\n<td align=\\\"center\\\" bgcolor=\\\"#ffffff\\\" valign=\\\"top\\\" width=\\\"668\\\">\\n<table border=\\\"0\\\" cellpadding=\\\"0\\\" cellspacing=\\\"0\\\" style=\\\"border-collapse: collapse;\\\" width=\\\"540\\\">\\n<tr>\\n<td align=\\\"left\\\">\\n<img alt=\\\"\\\" src=\\\"https://ssl.gstatic.com/accounts/services/mail/msa/welcome_hangouts.png\\\" style=\\\"display:block\\\"/>\\n</td>\\n<td width=\\\"15\\\"></td>\\n<td align=\\\"left\\\" valign=\\\"middle\\\">\\n<table border=\\\"0\\\" cellpadding=\\\"0\\\" cellspacing=\\\"0\\\" style=\\\"border-collapse:collapse;\\\" width=\\\"400\\\">\\n<tr>\\n<td align=\\\"left\\\">\\n<font color=\\\"#444444\\\" face=\\\"Arial,sans-serif\\\" size=\\\"+1\\\"><span style=\\\"font-family:Arial, sans-serif; font-size: 20px;\\\">Chat right from your inbox</span></font>\\n</td>\\n</tr>\\n<tr>\\n<td height=\\\"10\\\"></td>\\n</tr>\\n<tr>\\n<td align=\\\"left\\\" valign=\\\"top\\\">\\n<font color=\\\"#444444\\\" face=\\\"Arial,sans-serif\\\" size=\\\"-1\\\" style=\\\"line-height:1.4em\\\">Chat with contacts and start video chats with up to 10 people in <a href=\\\"http://www.google.com/+/learnmore/hangouts/?hl=en\\\" style=\\\"text-decoration:none;\\\">Google+ Hangouts</a>.</font>\\n</td>\\n</tr>\\n</table>\\n</td>\\n</tr>\\n<tr>\\n<td colspan=\\\"3\\\" height=\\\"30\\\">\\u00a0</td>\\n</tr>\\n<tr>\\n<td align=\\\"left\\\">\\n<img alt=\\\"\\\" src=\\\"https://ssl.gstatic.com/accounts/services/mail/msa/welcome_contacts.png\\\" style=\\\"display:block\\\"/>\\n</td>\\n<td width=\\\"15\\\"></td>\\n<td align=\\\"left\\\" valign=\\\"middle\\\">\\n<table border=\\\"0\\\" cellpadding=\\\"0\\\" cellspacing=\\\"0\\\" style=\\\"border-collapse:collapse;\\\" width=\\\"400\\\">\\n<tr>\\n<td align=\\\"left\\\">\\n<font color=\\\"#444444\\\" face=\\\"Arial,sans-serif\\\" size=\\\"+1\\\"><span style=\\\"font-family:Arial, sans-serif; font-size: 20px;\\\">Bring your email into Gmail</span></font>\\n</td>\\n</tr>\\n<tr>\\n<td height=\\\"10\\\"></td>\\n</tr>\\n<tr>\\n<td align=\\\"left\\\" valign=\\\"top\\\">\\n<font color=\\\"#444444\\\" face=\\\"Arial,sans-serif\\\" size=\\\"-1\\\" style=\\\"line-height:1.4em\\\">You can import your email from other webmail to make the transition to Gmail a bit easier. <a href=\\\"https://support.google.com/mail/answer/164640?hl=en\\\" style=\\\"text-decoration:none;\\\">Learn how.</a></font>\\n</td>\\n</tr>\\n</table>\\n</td>\\n</tr>\\n<tr>\\n<td colspan=\\\"3\\\" height=\\\"30\\\">\\u00a0</td>\\n</tr>\\n<tr>\\n<td align=\\\"left\\\">\\n<img alt=\\\"\\\" src=\\\"https://ssl.gstatic.com/mail/welcome/localized/en/welcome_drive.png\\\" style=\\\"display:block\\\"/>\\n</td>\\n<td width=\\\"15\\\"></td>\\n<td align=\\\"left\\\" valign=\\\"middle\\\">\\n<table border=\\\"0\\\" cellpadding=\\\"0\\\" cellspacing=\\\"0\\\" style=\\\"border-collapse:collapse;\\\" width=\\\"400\\\">\\n<tr>\\n<td align=\\\"left\\\">\\n<font color=\\\"#444444\\\" face=\\\"Arial,sans-serif\\\" size=\\\"+1\\\"><span style=\\\"font-family:Arial, sans-serif; font-size: 20px;\\\">Use Google Drive to send large files</span></font>\\n</td>\\n</tr>\\n<tr>\\n<td height=\\\"10\\\"></td>\\n</tr>\\n<tr>\\n<td align=\\\"left\\\" valign=\\\"top\\\">\\n<font color=\\\"#444444\\\" face=\\\"Arial,sans-serif\\\" size=\\\"-1\\\" style=\\\"line-height:1.4em\\\"><a href=\\\"https://support.google.com/mail/answer/2480713?hl=en\\\" style=\\\"text-decoration:none;\\\">Send huge files in Gmail </a>  (up to 10GB) using <a href=\\\"https://drive.google.com/?hl=en\\\" style=\\\"text-decoration:none;\\\">Google Drive</a>. Plus files stored in Drive stay up-to-date automatically so everyone has the most recent version and can access them from anywhere.</font>\\n</td>\\n</tr>\\n</table>\\n</td>\\n</tr>\\n<tr>\\n<td colspan=\\\"3\\\" height=\\\"30\\\">\\u00a0</td>\\n</tr>\\n<tr>\\n<td align=\\\"left\\\">\\n<img alt=\\\"\\\" src=\\\"https://ssl.gstatic.com/accounts/services/mail/msa/welcome_storage.png\\\" style=\\\"display:block\\\"/>\\n</td>\\n<td width=\\\"15\\\"></td>\\n<td align=\\\"left\\\" valign=\\\"middle\\\">\\n<table border=\\\"0\\\" cellpadding=\\\"0\\\" cellspacing=\\\"0\\\" style=\\\"border-collapse:collapse;\\\" width=\\\"400\\\">\\n<tr>\\n<td align=\\\"left\\\">\\n<font color=\\\"#444444\\\" face=\\\"Arial,sans-serif\\\" size=\\\"+1\\\"><span style=\\\"font-family:Arial, sans-serif; font-size: 20px;\\\">Save everything</span></font>\\n</td>\\n</tr>\\n<tr>\\n<td height=\\\"10\\\"></td>\\n</tr>\\n<tr>\\n<td align=\\\"left\\\" valign=\\\"top\\\">\\n<font color=\\\"#444444\\\" face=\\\"Arial,sans-serif\\\" size=\\\"-1\\\" style=\\\"line-height:1.4em\\\">With 10GB of space, you\\u2019ll never need to delete an email. Just keep everything and easily find it later.</font>\\n</td>\\n</tr>\\n</table>\\n</td>\\n</tr>\\n<tr>\\n<td colspan=\\\"3\\\" height=\\\"30\\\">\\u00a0</td>\\n</tr>\\n<tr>\\n<td align=\\\"left\\\">\\n<img alt=\\\"\\\" src=\\\"https://ssl.gstatic.com/mail/welcome/localized/en/welcome_search.png\\\" style=\\\"display:block\\\"/>\\n</td>\\n<td width=\\\"15\\\"></td>\\n<td align=\\\"left\\\" valign=\\\"middle\\\">\\n<table border=\\\"0\\\" cellpadding=\\\"0\\\" cellspacing=\\\"0\\\" style=\\\"border-collapse:collapse;\\\" width=\\\"400\\\">\\n<tr>\\n<td align=\\\"left\\\">\\n<font color=\\\"#444444\\\" face=\\\"Arial,sans-serif\\\" size=\\\"+1\\\"><span style=\\\"font-family:Arial, sans-serif; font-size: 20px;\\\">Find emails fast</span></font>\\n</td>\\n</tr>\\n<tr>\\n<td height=\\\"10\\\"></td>\\n</tr>\\n<tr>\\n<td align=\\\"left\\\" valign=\\\"top\\\">\\n<font color=\\\"#444444\\\" face=\\\"Arial,sans-serif\\\" size=\\\"-1\\\" style=\\\"line-height:1.4em\\\">With the power of Google Search right in your inbox, you can quickly find the important emails you need with suggestions based on emails, past searches and contacts.</font>\\n</td>\\n</tr>\\n</table>\\n</td>\\n</tr>\\n<tr>\\n<td colspan=\\\"3\\\" height=\\\"30\\\">\\u00a0</td>\\n</tr>\\n</table>\\n<table border=\\\"0\\\" cellpadding=\\\"0\\\" cellspacing=\\\"0\\\" style=\\\"border-collapse: collapse; \\\" width=\\\"500\\\">\\n<tr>\\n<td colspan=\\\"2\\\" height=\\\"40\\\">\\u00a0</td>\\n</tr>\\n<tr>\\n<td rowspan=\\\"2\\\" width=\\\"68\\\"><img alt=\\\"\\\" src=\\\"https://ssl.gstatic.com/accounts/services/mail/msa/gmail_icon_large.png\\\" style=\\\"display:block\\\"/></td>\\n<td align=\\\"left\\\" height=\\\"20\\\" valign=\\\"bottom\\\"><font color=\\\"#444444\\\" face=\\\"Arial, sans-serif\\\" size=\\\"-1\\\">Happy emailing,</font></td>\\n</tr>\\n<tr>\\n<td align=\\\"left\\\" valign=\\\"top\\\"><font color=\\\"#444444\\\" face=\\\"Arial, sans-serif\\\" size=\\\"+2\\\"><span style=\\\"font-family:Open Sans, Arial, sans-serif;\\\">The Gmail Team</span></font></td>\\n</tr>\\n<tr>\\n<td colspan=\\\"2\\\" height=\\\"60\\\">\\u00a0</td>\\n</tr>\\n</table>\\n</td>\\n<td height=\\\"950\\\" width=\\\"64\\\"><img alt=\\\"\\\" height=\\\"950\\\" src=\\\"https://ssl.gstatic.com/drive/announcements/images/framework-middle-2-right.png\\\" style=\\\"display:block\\\" width=\\\"64\\\"/></td>\\n<td>\\u00a0</td>\\n</tr>\\n<tr>\\n<td>\\u00a0</td>\\n<td height=\\\"102\\\" width=\\\"64\\\"><img alt=\\\"\\\" height=\\\"102\\\" src=\\\"https://ssl.gstatic.com/drive/announcements/images/framework-bottom-left.png\\\" style=\\\"display:block\\\" width=\\\"64\\\"/></td>\\n<td background=\\\"https://ssl.gstatic.com/drive/announcements/images/framework-bottom-middle.png\\\" height=\\\"102\\\" valign=\\\"top\\\" width=\\\"673\\\">\\n<table border=\\\"0\\\" cellpadding=\\\"0\\\" cellspacing=\\\"0\\\" style=\\\"border-collapse: collapse; \\\" width=\\\"100%\\\">\\n<tr>\\n<td height=\\\"12\\\"></td>\\n</tr>\\n<tr>\\n<td valign=\\\"bottom\\\">\\n<font color=\\\"#AAAAAA\\\" face=\\\"Arial, sans-serif\\\" size=\\\"-2\\\">\\n                  \\u00a9 2013 Google Inc. 1600 Amphitheatre Parkway, Mountain View, CA 94043\\n                </font>\\n</td>\\n</tr>\\n</table>\\n</td>\\n<td height=\\\"102\\\" width=\\\"64\\\"><img alt=\\\"\\\" height=\\\"102\\\" src=\\\"https://ssl.gstatic.com/drive/announcements/images/framework-bottom-right.png\\\" style=\\\"display:block\\\" width=\\\"68\\\"/></td>\\n<td>\\u00a0</td>\\n</tr>\\n</table>\\n</body></html>\", \"id\": 5, \"subject\": \"Tips for using Gmail\"}',1),(30,'block',13,'insert','{\"walk_index\": 0, \"_content_type_other\": null, \"_content_type_common\": null, \"data_sha256\": \"44e619afc801dadc1673c187eaf18b34223fe1a8aa88ee584b56f3faf9d04f95\", \"id\": 13, \"is_inboxapp_attachment\": false, \"message_id\": 5, \"size\": 456}',1),(31,'folderitem',11,'insert','{\"thread_id\": 5, \"id\": 11, \"folder_name\": \"[gmail]/all mail\"}',1),(32,'folderitem',13,'insert','{\"thread_id\": 6, \"id\": 13, \"folder_name\": \"[gmail]/all mail\"}',1),(33,'message',6,'insert','{\"size\": 16145, \"snippet\": \"Why don\'t you just use the encoding/json package? What\'s your actual problem? \\u00a0If you just want to learn to use the reflect package, you can read encoding/json\'s source (which uses reflect it\", \"internaldate\": {\"$date\": 1390454789000}, \"decode_error\": false, \"g_msgid\": 1457997521161569151, \"from_addr\": [\"Brad Fitzpatrick\", \"bradfitz@golang.org\"], \"g_thrid\": 1457997521161569151, \"to_addr\": [[\"kate Fernando\", \"hasaradinu@gmail.com\"]], \"mailing_list_headers\": {\"List-Id\": \"<golang-nuts.googlegroups.com>\", \"List-Post\": \"<http://groups.google.com/group/golang-nuts/post>, <mailto:golang-nuts@googlegroups.com>\", \"List-Owner\": null, \"List-Subscribe\": \"<http://groups.google.com/group/golang-nuts/subscribe>, <mailto:golang-nuts+subscribe@googlegroups.com>\", \"List-Unsubscribe\": \"<http://groups.google.com/group/golang-nuts/subscribe>, <mailto:googlegroups-manage+332403668183+unsubscribe@googlegroups.com>\", \"List-Archive\": \"<http://groups.google.com/group/golang-nuts>\", \"List-Help\": \"<http://groups.google.com/support/>, <mailto:golang-nuts+help@googlegroups.com>\"}, \"message_id\": \"<CAFzRk01fxvsK29ZrV7O7d8BE5SHtSi3p8-ZnBfv-shzLE_JG6Q@mail.gmail.com>\", \"sender_addr\": [\"\", \"golang-nuts@googlegroups.com\"], \"thread_id\": 6, \"bcc_addr\": [], \"cc_addr\": [[\"golang-nuts\", \"golang-nuts@googlegroups.com\"]], \"data_sha256\": \"b6d86b6f72f8887f5376ad0f02f138127115658b69ae4cd5cc12c9d04fc493e9\", \"reply_to\": null, \"in_reply_to\": \"<0c6138e7-17d2-4600-a734-3f77cae88837@googlegroups.com>\", \"sanitized_body\": \"<html><body><div dir=\\\"ltr\\\"><div>Why don\'t you just use the encoding/json package?</div><div><br/></div><div>What\'s your actual problem? \\u00a0If you just want to learn to use the reflect package, you can read encoding/json\'s source (which uses reflect itself), or read <a href=\\\"http://blog.golang.org/laws-of-reflection\\\">http://blog.golang.org/laws-of-reflection</a> etc.</div>\\n<div><br/></div></div><div class=\\\"gmail_extra\\\"></div>\\n<p></p>\\n\\n-- <br/>\\nYou received this message because you are subscribed to the Google Groups \\\"golang-nuts\\\" group.<br/>\\nTo unsubscribe from this group and stop receiving emails from it, send an email to golang-nuts+unsubscribe@googlegroups.com.<br/>\\nFor more options, visit <a href=\\\"https://groups.google.com/groups/opt_out\\\">https://groups.google.com/groups/opt_out</a>.<br/></body></html>\", \"id\": 6, \"subject\": \"[go-nuts] Convert the go object to a JSON string\"}',1),(34,'block',17,'insert','{\"walk_index\": 1, \"content_id\": null, \"misc_keyval\": [[\"Content-Type\", [\"text/plain\", {\"charset\": \"UTF-8\"}]]], \"_content_type_other\": null, \"_content_type_common\": \"text/plain\", \"data_sha256\": \"37806d7922400999225e4701998f03c7a8636a0bbeebf3a435d533f38d60f067\", \"id\": 17, \"filename\": null, \"is_inboxapp_attachment\": false, \"message_id\": 6, \"size\": 2401}',1),(35,'block',18,'insert','{\"walk_index\": 2, \"content_id\": null, \"misc_keyval\": [[\"Content-Type\", [\"text/html\", {\"charset\": \"UTF-8\"}]], [\"Content-Transfer-Encoding\", [\"quoted-printable\", {}]]], \"_content_type_other\": null, \"_content_type_common\": \"text/html\", \"data_sha256\": \"07c1ee541793998815179ce80b0c0af0d4b8ebb93d7e1678029a8d2ad3685c46\", \"id\": 18, \"filename\": null, \"is_inboxapp_attachment\": false, \"message_id\": 6, \"size\": 7492}',1),(36,'block',16,'insert','{\"walk_index\": 0, \"_content_type_other\": null, \"_content_type_common\": null, \"data_sha256\": \"5b3ef0a1ca544c24cb199a2dc826ab73e82221adbb79221ed48a252976a82e81\", \"id\": 16, \"is_inboxapp_attachment\": false, \"message_id\": 6, \"size\": 5639}',1),(37,'folderitem',12,'insert','{\"thread_id\": 6, \"id\": 12, \"folder_name\": \"inbox\"}',1),(38,'block',19,'insert','{\"walk_index\": 0, \"_content_type_other\": null, \"_content_type_common\": null, \"data_sha256\": \"0b0640f57ccce3563d112dedac9df9f367a10c341d2469843bc083f46e4c8cfb\", \"id\": 19, \"is_inboxapp_attachment\": false, \"message_id\": 7, \"size\": 4828}',1),(39,'folderitem',14,'insert','{\"thread_id\": 7, \"id\": 14, \"folder_name\": \"inbox\"}',1),(40,'block',20,'insert','{\"walk_index\": 1, \"content_id\": null, \"misc_keyval\": [[\"Content-Type\", [\"text/plain\", {\"charset\": \"UTF-8\"}]]], \"_content_type_other\": null, \"_content_type_common\": \"text/plain\", \"data_sha256\": \"216aa39060875b0305d978af411b9325b099e0bacc4f13f05c16dce6eb7bb372\", \"id\": 20, \"filename\": null, \"is_inboxapp_attachment\": false, \"message_id\": 7, \"size\": 944}',1),(41,'folderitem',15,'insert','{\"thread_id\": 7, \"id\": 15, \"folder_name\": \"[gmail]/all mail\"}',1),(42,'message',7,'insert','{\"size\": 7622, \"snippet\": \"--  ===================== http://jessta.id.au \\n \\n \\n\\n--  \\nYou received this message because you are subscribed to the Google Groups \\\"golang-nuts\\\" group. \\nTo unsubscribe from this group and sto\", \"internaldate\": {\"$date\": 1390454883000}, \"decode_error\": false, \"g_msgid\": 1457997619314912665, \"from_addr\": [\"Jesse McNelis\", \"jessta@jessta.id.au\"], \"g_thrid\": 1457997619314912665, \"to_addr\": [[\"\", \"miolini@gmail.com\"]], \"mailing_list_headers\": {\"List-Id\": \"<golang-nuts.googlegroups.com>\", \"List-Post\": \"<http://groups.google.com/group/golang-nuts/post>, <mailto:golang-nuts@googlegroups.com>\", \"List-Owner\": null, \"List-Subscribe\": \"<http://groups.google.com/group/golang-nuts/subscribe>, <mailto:golang-nuts+subscribe@googlegroups.com>\", \"List-Unsubscribe\": \"<http://groups.google.com/group/golang-nuts/subscribe>, <mailto:googlegroups-manage+332403668183+unsubscribe@googlegroups.com>\", \"List-Archive\": \"<http://groups.google.com/group/golang-nuts>\", \"List-Help\": \"<http://groups.google.com/support/>, <mailto:golang-nuts+help@googlegroups.com>\"}, \"message_id\": \"<CAAuPoqeJaTzztCCkePF2Lxw5UAQ3i8vrd7Be-Z1BcP3yiVE3TA@mail.gmail.com>\", \"sender_addr\": [\"\", \"golang-nuts@googlegroups.com\"], \"thread_id\": 7, \"bcc_addr\": [], \"cc_addr\": [], \"data_sha256\": \"e28380bc543ee0e9228338c5314cd81a80be713efffec0e4896016f9472e8259\", \"reply_to\": null, \"in_reply_to\": \"<CAF1mBFbAqgu483Ozi=PEh-6W1d0NrrNs8Xz+REgWqHE7+zqvPw@mail.gmail.com>\", \"sanitized_body\": \"<html><body><div dir=\\\"ltr\\\"><div class=\\\"gmail_extra\\\">-- <br/>=====================<br/><a href=\\\"http://jessta.id.au\\\">http://jessta.id.au</a><br/><br/>\\n</div></div>\\n<p></p>\\n\\n-- <br/>\\nYou received this message because you are subscribed to the Google Groups \\\"golang-nuts\\\" group.<br/>\\nTo unsubscribe from this group and stop receiving emails from it, send an email to golang-nuts+unsubscribe@googlegroups.com.<br/>\\nFor more options, visit <a href=\\\"https://groups.google.com/groups/opt_out\\\">https://groups.google.com/groups/opt_out</a>.<br/></body></html>\", \"id\": 7, \"subject\": \"[go-nuts] Strange error with html/template\"}',1),(43,'block',21,'insert','{\"walk_index\": 2, \"content_id\": null, \"misc_keyval\": [[\"Content-Type\", [\"text/html\", {\"charset\": \"UTF-8\"}]], [\"Content-Transfer-Encoding\", [\"quoted-printable\", {}]]], \"_content_type_other\": null, \"_content_type_common\": \"text/html\", \"data_sha256\": \"504fe698d3b6e529bbfae1b33ff0c69dd4cbe956797703b15bcee8ca5c616e61\", \"id\": 21, \"filename\": null, \"is_inboxapp_attachment\": false, \"message_id\": 7, \"size\": 1635}',1);
/*!40000 ALTER TABLE `transaction` ENABLE KEYS */;
UNLOCK TABLES;

--
-- Table structure for table `uidvalidity`
--

DROP TABLE IF EXISTS `uidvalidity`;
/*!40101 SET @saved_cs_client     = @@character_set_client */;
/*!40101 SET character_set_client = utf8 */;
CREATE TABLE `uidvalidity` (
  `id` int(11) NOT NULL AUTO_INCREMENT,
  `imapaccount_id` int(11) NOT NULL,
  `folder_name` varchar(191) NOT NULL,
  `uid_validity` int(11) NOT NULL,
  `highestmodseq` int(11) NOT NULL,
  PRIMARY KEY (`id`),
  UNIQUE KEY `imapaccount_id` (`imapaccount_id`,`folder_name`),
  CONSTRAINT `uidvalidity_ibfk_1` FOREIGN KEY (`imapaccount_id`) REFERENCES `imapaccount` (`id`) ON DELETE CASCADE
) ENGINE=InnoDB AUTO_INCREMENT=3 DEFAULT CHARSET=utf8mb4;
/*!40101 SET character_set_client = @saved_cs_client */;

--
-- Dumping data for table `uidvalidity`
--

LOCK TABLES `uidvalidity` WRITE;
/*!40000 ALTER TABLE `uidvalidity` DISABLE KEYS */;
INSERT INTO `uidvalidity` VALUES (1,1,'INBOX',1,1548),(2,1,'[Gmail]/All Mail',11,1548);
/*!40000 ALTER TABLE `uidvalidity` ENABLE KEYS */;
UNLOCK TABLES;

--
-- Table structure for table `user`
--

DROP TABLE IF EXISTS `user`;
/*!40101 SET @saved_cs_client     = @@character_set_client */;
/*!40101 SET character_set_client = utf8 */;
CREATE TABLE `user` (
  `id` int(11) NOT NULL AUTO_INCREMENT,
  `name` varchar(255) DEFAULT NULL,
  PRIMARY KEY (`id`)
) ENGINE=InnoDB AUTO_INCREMENT=2 DEFAULT CHARSET=utf8mb4;
/*!40101 SET character_set_client = @saved_cs_client */;

--
-- Dumping data for table `user`
--

LOCK TABLES `user` WRITE;
/*!40000 ALTER TABLE `user` DISABLE KEYS */;
INSERT INTO `user` VALUES (1,NULL);
/*!40000 ALTER TABLE `user` ENABLE KEYS */;
UNLOCK TABLES;

--
-- Table structure for table `usersession`
--

DROP TABLE IF EXISTS `usersession`;
/*!40101 SET @saved_cs_client     = @@character_set_client */;
/*!40101 SET character_set_client = utf8 */;
CREATE TABLE `usersession` (
  `id` int(11) NOT NULL AUTO_INCREMENT,
  `token` varchar(40) DEFAULT NULL,
  `user_id` int(11) NOT NULL,
  PRIMARY KEY (`id`),
  KEY `user_id` (`user_id`),
  CONSTRAINT `usersession_ibfk_1` FOREIGN KEY (`user_id`) REFERENCES `user` (`id`)
) ENGINE=InnoDB DEFAULT CHARSET=utf8mb4;
/*!40101 SET character_set_client = @saved_cs_client */;

--
-- Dumping data for table `usersession`
--

LOCK TABLES `usersession` WRITE;
/*!40000 ALTER TABLE `usersession` DISABLE KEYS */;
/*!40000 ALTER TABLE `usersession` ENABLE KEYS */;
UNLOCK TABLES;
/*!40103 SET TIME_ZONE=@OLD_TIME_ZONE */;

/*!40101 SET SQL_MODE=@OLD_SQL_MODE */;
/*!40014 SET FOREIGN_KEY_CHECKS=@OLD_FOREIGN_KEY_CHECKS */;
/*!40014 SET UNIQUE_CHECKS=@OLD_UNIQUE_CHECKS */;
/*!40101 SET CHARACTER_SET_CLIENT=@OLD_CHARACTER_SET_CLIENT */;
/*!40101 SET CHARACTER_SET_RESULTS=@OLD_CHARACTER_SET_RESULTS */;
/*!40101 SET COLLATION_CONNECTION=@OLD_COLLATION_CONNECTION */;
/*!40111 SET SQL_NOTES=@OLD_SQL_NOTES */;

-- Dump completed on 2014-01-23  5:28:33
