-- MySQL dump 10.13  Distrib 5.5.34, for debian-linux-gnu (x86_64)
--
-- Host: localhost    Database: test
-- ------------------------------------------------------
-- Server version	5.5.34-0ubuntu0.12.04.1

/*!40101 SET @OLD_CHARACTER_SET_CLIENT=@@CHARACTER_SET_CLIENT */;
/*!40101 SET @OLD_CHARACTER_SET_RESULTS=@@CHARACTER_SET_RESULTS */;
/*!40101 SET @OLD_COLLATION_CONNECTION=@@COLLATION_CONNECTION */;
/*!40101 SET NAMES utf8mb4 */;
/*!40103 SET @OLD_TIME_ZONE=@@TIME_ZONE */;
/*!40103 SET TIME_ZONE='+00:00' */;
/*!40014 SET @OLD_UNIQUE_CHECKS=@@UNIQUE_CHECKS, UNIQUE_CHECKS=0 */;
/*!40014 SET @OLD_FOREIGN_KEY_CHECKS=@@FOREIGN_KEY_CHECKS, FOREIGN_KEY_CHECKS=0 */;
/*!40101 SET @OLD_SQL_MODE=@@SQL_MODE, SQL_MODE='NO_AUTO_VALUE_ON_ZERO' */;
/*!40111 SET @OLD_SQL_NOTES=@@SQL_NOTES, SQL_NOTES=0 */;

--
-- Table structure for table `block`
--

DROP TABLE IF EXISTS `block`;
/*!40101 SET @saved_cs_client     = @@character_set_client */;
/*!40101 SET character_set_client = utf8 */;
CREATE TABLE `block` (
  `id` int(11) NOT NULL AUTO_INCREMENT,
  `size` int(11) DEFAULT NULL,
  `data_sha256` varchar(64) DEFAULT NULL,
  `message_id` int(11) NOT NULL,
  `walk_index` int(11) DEFAULT NULL,
  `_content_type_common` enum('text/plain','text/html','multipart/alternative','multipart/mixed','image/jpeg','multipart/related','application/pdf','image/png','image/gif','application/octet-stream','multipart/signed','application/msword','application/pkcs7-signature','message/rfc822','image/jpg') DEFAULT NULL,
  `_content_type_other` varchar(255) DEFAULT NULL,
  `filename` varchar(255) DEFAULT NULL,
  `content_disposition` enum('inline','attachment') DEFAULT NULL,
  `content_id` varchar(255) DEFAULT NULL,
  `misc_keyval` text,
  `is_inboxapp_attachment` tinyint(1) DEFAULT NULL,
  PRIMARY KEY (`id`),
  UNIQUE KEY `message_id` (`message_id`,`walk_index`,`data_sha256`),
  CONSTRAINT `block_ibfk_1` FOREIGN KEY (`message_id`) REFERENCES `message` (`id`)
) ENGINE=InnoDB AUTO_INCREMENT=20 DEFAULT CHARSET=utf8mb4;
/*!40101 SET character_set_client = @saved_cs_client */;

--
-- Dumping data for table `block`
--

LOCK TABLES `block` WRITE;
/*!40000 ALTER TABLE `block` DISABLE KEYS */;
INSERT INTO `block` VALUES (1,494,'9ff5df6047e050dde34a319401b0686b15e3d10159f95a329c90c1cbbfa876b7',1,0,NULL,NULL,NULL,NULL,NULL,NULL,0),(2,11,'31a9b976c37cd70dc06f4d7d074e67f199d47903322389f6e99b3b687164cbff',1,1,'text/plain',NULL,NULL,NULL,NULL,'[[\"Content-Type\", [\"text/plain\", {\"charset\": \"ISO-8859-1\"}]]]',0),(3,32,'1ee9254d4cbcd3518f61f8b1fad3fde840f1a36f2670a85e0be6f28e2c748149',1,2,'text/html',NULL,NULL,NULL,NULL,'[[\"Content-Type\", [\"text/html\", {\"charset\": \"ISO-8859-1\"}]]]',0),(4,762,'140007ef53284306f5308c2beaea7db31c0c47201b222d92dff34fefd8566d50',2,0,NULL,NULL,NULL,NULL,NULL,NULL,0),(5,15,'e031665a97568c3cb032567f572723c757630980666d7c5b734b3c75af24a7ed',2,1,'text/plain',NULL,NULL,NULL,NULL,'[[\"Return-Path\", \"<inboxapptest@gmail.com>\"], [\"Received\", \"from [127.0.1.1] (199-241-200-12.PUBLIC.monkeybrains.net. [199.241.200.12])        by mx.google.com with ESMTPSA id v4sm17570370pbq.31.2013.10.20.20.18.52        for <inboxapptest@gmail.com>        (version=TLSv1.2 cipher=ECDHE-RSA-AES128-GCM-SHA256 bits=128/128);        Sun, 20 Oct 2013 20:18:53 -0700 (PDT)\"], [\"Message-Id\", \"<52649d1d.043b440a.01a2.7dd1@mx.google.com>\"], [\"Date\", \"Sun, 20 Oct 2013 20:18:53 -0700 (PDT)\"], [\"Content-Type\", [\"text/plain\", {\"charset\": \"us-ascii\"}]], [\"Mime-Version\", \"1.0\"], [\"Content-Transfer-Encoding\", [\"7bit\", {}]], [\"From\", \"inboxapptest@gmail.com\"], [\"To\", \"inboxapptest@gmail.com\"], [\"Subject\", \"Postel lives!\"], [\"X-Mailer\", \"InboxApp Mailer [version 0.1]\"]]',0),(6,2224,'f9f27dc47aa42dcd7dc0140be6723e58942ae5f4b5a4947ff43d8c427991917c',3,0,NULL,NULL,NULL,NULL,NULL,NULL,0),(7,993,'3d747459c9884417e66ceb56b4f1811b15cfb3fc8efcf1bfb4ac88e3859fa4f0',3,2,'text/plain',NULL,NULL,NULL,NULL,'[[\"Content-Type\", [\"text/plain\", {\"charset\": \"ISO-8859-1\", \"delsp\": \"yes\", \"format\": \"flowed\"}]]]',0),(8,5575,'e956c365e2a7b8481070dde8bdd3d741d799f32f2c208a44a8b6aac9c377419a',3,3,'text/html',NULL,NULL,NULL,NULL,'[[\"Content-Type\", [\"text/html\", {\"charset\": \"ISO-8859-1\"}]], [\"Content-Transfer-Encoding\", [\"quoted-printable\", {}]]]',0),(9,6320,'b965169ca27cf217f454a1f36e4182c15278f49106d21f51347a3db2d94d4980',3,4,'image/png',NULL,'google.png','attachment','<google>','[[\"Content-Type\", [\"image/png\", {\"name\": \"google.png\"}]], [\"Content-Disposition\", [\"attachment\", {\"filename\": \"google.png\"}]], [\"Content-Transfer-Encoding\", [\"base64\", {}]], [\"Content-Id\", \"<google>\"]]',0),(10,564,'126e9284352ab78a4267898a46e0b82c1c153430699bbcc85e22430e763b38e8',3,5,'image/png',NULL,'profilephoto.png','attachment','<profilephoto>','[[\"Content-Type\", [\"image/png\", {\"name\": \"profilephoto.png\"}]], [\"Content-Disposition\", [\"attachment\", {\"filename\": \"profilephoto.png\"}]], [\"Content-Transfer-Encoding\", [\"base64\", {}]], [\"Content-Id\", \"<profilephoto>\"]]',0),(11,449,'597da414d3a6a6367ac5ce9fcf500afaccd77b1ce78ba155757ba5a6f0d06680',4,0,NULL,NULL,NULL,NULL,NULL,NULL,0),(12,1756,'047fa83a202cebd70ae6dbe912dd197df10187854ffe4decda9ce18f76998a9e',4,1,'text/plain',NULL,NULL,NULL,NULL,'[[\"Content-Type\", [\"text/plain\", {\"charset\": \"ISO-8859-1\"}]], [\"Content-Transfer-Encoding\", [\"quoted-printable\", {}]]]',0),(13,13085,'cd44fb22f257932dd15a423134ca62369dbb309d2ea34150f6df427163230397',4,2,'text/html',NULL,NULL,NULL,NULL,'[[\"Content-Type\", [\"text/html\", {\"charset\": \"ISO-8859-1\"}]], [\"Content-Transfer-Encoding\", [\"quoted-printable\", {}]]]',0),(14,453,'98ae516cd24a27e52537143ff996e1c462ae2be9ea96ef0df3e4db41f8cb1060',5,0,NULL,NULL,NULL,NULL,NULL,NULL,0),(15,1251,'b1558fdb97bc5918be82a7d342358fdd8abaa32cace1c96056319c594af6ddfe',5,1,'text/plain',NULL,NULL,NULL,NULL,'[[\"Content-Type\", [\"text/plain\", {\"charset\": \"windows-1252\"}]], [\"Content-Transfer-Encoding\", [\"quoted-printable\", {}]]]',0),(16,12626,'5ef8b7411036839cf82f81125fda1227b56378c14e4d2f2e251aaaa5496062ad',5,2,'text/html',NULL,NULL,NULL,NULL,'[[\"Content-Type\", [\"text/html\", {\"charset\": \"windows-1252\"}]], [\"Content-Transfer-Encoding\", [\"quoted-printable\", {}]]]',0),(17,465,'05b7fbc334e4cad3c759f4802808153cf9ada2046272fc3e874896104d3bc43c',6,0,NULL,NULL,NULL,NULL,NULL,NULL,0),(18,645,'3566785a8b48d288237d7634ce2a3ffd363a2fd86667fbe0753d7fc9868f84b0',6,1,'text/plain',NULL,NULL,NULL,NULL,'[[\"Content-Type\", [\"text/plain\", {\"charset\": \"ISO-8859-1\"}]], [\"Content-Transfer-Encoding\", [\"quoted-printable\", {}]]]',0),(19,7041,'a5de2bb5b246fdf0f32a588af13a7d7534d66959cc5e0d83889c002847a5f493',6,2,'text/html',NULL,NULL,NULL,NULL,'[[\"Content-Type\", [\"text/html\", {\"charset\": \"ISO-8859-1\"}]], [\"Content-Transfer-Encoding\", [\"quoted-printable\", {}]]]',0);
/*!40000 ALTER TABLE `block` ENABLE KEYS */;
UNLOCK TABLES;

--
-- Table structure for table `contact`
--

DROP TABLE IF EXISTS `contact`;
/*!40101 SET @saved_cs_client     = @@character_set_client */;
/*!40101 SET character_set_client = utf8 */;
CREATE TABLE `contact` (
  `id` int(11) NOT NULL AUTO_INCREMENT,
  `imapaccount_id` int(11) NOT NULL,
  `g_id` varchar(64) DEFAULT NULL,
  `source` enum('local','remote') DEFAULT NULL,
  `email_address` varchar(254) DEFAULT NULL,
  `name` text,
  `updated_at` datetime DEFAULT NULL,
  `created_at` datetime DEFAULT NULL,
  PRIMARY KEY (`id`),
  UNIQUE KEY `g_id` (`g_id`,`source`,`imapaccount_id`),
  KEY `imapaccount_id` (`imapaccount_id`),
  KEY `ix_contact_email_address` (`email_address`(191)),
  CONSTRAINT `contact_ibfk_1` FOREIGN KEY (`imapaccount_id`) REFERENCES `imapaccount` (`id`) ON DELETE CASCADE
) ENGINE=InnoDB DEFAULT CHARSET=utf8mb4;
/*!40101 SET character_set_client = @saved_cs_client */;

--
-- Dumping data for table `contact`
--

LOCK TABLES `contact` WRITE;
/*!40000 ALTER TABLE `contact` DISABLE KEYS */;
/*!40000 ALTER TABLE `contact` ENABLE KEYS */;
UNLOCK TABLES;

--
-- Table structure for table `folderitem`
--

DROP TABLE IF EXISTS `folderitem`;
/*!40101 SET @saved_cs_client     = @@character_set_client */;
/*!40101 SET character_set_client = utf8 */;
CREATE TABLE `folderitem` (
  `id` int(11) NOT NULL AUTO_INCREMENT,
  `thread_id` int(11) NOT NULL,
  `folder_name` varchar(191) DEFAULT NULL,
  PRIMARY KEY (`id`),
  UNIQUE KEY `folder_name` (`folder_name`,`thread_id`),
  KEY `thread_id` (`thread_id`),
  KEY `ix_folderitem_folder_name` (`folder_name`),
  CONSTRAINT `folderitem_ibfk_1` FOREIGN KEY (`thread_id`) REFERENCES `thread` (`id`)
) ENGINE=InnoDB AUTO_INCREMENT=17 DEFAULT CHARSET=utf8mb4;
/*!40101 SET character_set_client = @saved_cs_client */;

--
-- Dumping data for table `folderitem`
--

LOCK TABLES `folderitem` WRITE;
/*!40000 ALTER TABLE `folderitem` DISABLE KEYS */;
INSERT INTO `folderitem` VALUES (1,1,'important'),(5,2,'important'),(2,1,'inbox'),(6,2,'inbox'),(9,3,'inbox'),(11,4,'inbox'),(13,5,'inbox'),(15,6,'inbox'),(3,1,'sent'),(7,2,'sent'),(4,1,'[gmail]/all mail'),(8,2,'[gmail]/all mail'),(10,3,'[gmail]/all mail'),(12,4,'[gmail]/all mail'),(14,5,'[gmail]/all mail'),(16,6,'[gmail]/all mail');
/*!40000 ALTER TABLE `folderitem` ENABLE KEYS */;
UNLOCK TABLES;

--
-- Table structure for table `foldersync`
--

DROP TABLE IF EXISTS `foldersync`;
/*!40101 SET @saved_cs_client     = @@character_set_client */;
/*!40101 SET character_set_client = utf8 */;
CREATE TABLE `foldersync` (
  `id` int(11) NOT NULL AUTO_INCREMENT,
  `imapaccount_id` int(11) NOT NULL,
  `folder_name` varchar(191) NOT NULL,
  `state` enum('initial','initial uidinvalid','poll','poll uidinvalid','finish') NOT NULL,
  PRIMARY KEY (`id`),
  UNIQUE KEY `imapaccount_id` (`imapaccount_id`,`folder_name`),
  CONSTRAINT `foldersync_ibfk_1` FOREIGN KEY (`imapaccount_id`) REFERENCES `imapaccount` (`id`) ON DELETE CASCADE
) ENGINE=InnoDB AUTO_INCREMENT=3 DEFAULT CHARSET=utf8mb4;
/*!40101 SET character_set_client = @saved_cs_client */;

--
-- Dumping data for table `foldersync`
--

LOCK TABLES `foldersync` WRITE;
/*!40000 ALTER TABLE `foldersync` DISABLE KEYS */;
INSERT INTO `foldersync` VALUES (1,1,'INBOX','poll'),(2,1,'[Gmail]/All Mail','poll');
/*!40000 ALTER TABLE `foldersync` ENABLE KEYS */;
UNLOCK TABLES;

--
-- Table structure for table `imapaccount`
--

DROP TABLE IF EXISTS `imapaccount`;
/*!40101 SET @saved_cs_client     = @@character_set_client */;
/*!40101 SET character_set_client = utf8 */;
CREATE TABLE `imapaccount` (
  `id` int(11) NOT NULL AUTO_INCREMENT,
  `user_id` int(11) NOT NULL,
  `email_address` varchar(254) DEFAULT NULL,
  `provider` enum('Gmail','Outlook','Yahoo','Inbox') NOT NULL,
  `save_raw_messages` tinyint(1) DEFAULT NULL,
  `sync_host` varchar(255) DEFAULT NULL,
  `last_synced_contacts` datetime DEFAULT NULL,
  `o_token_issued_to` varchar(512) DEFAULT NULL,
  `o_user_id` varchar(512) DEFAULT NULL,
  `o_access_token` varchar(1024) DEFAULT NULL,
  `o_id_token` varchar(1024) DEFAULT NULL,
  `o_expires_in` int(11) DEFAULT NULL,
  `o_access_type` varchar(512) DEFAULT NULL,
  `o_token_type` varchar(512) DEFAULT NULL,
  `o_audience` varchar(512) DEFAULT NULL,
  `o_scope` varchar(512) DEFAULT NULL,
  `o_refresh_token` varchar(512) DEFAULT NULL,
  `o_verified_email` tinyint(1) DEFAULT NULL,
  `date` datetime DEFAULT NULL,
  PRIMARY KEY (`id`),
  KEY `user_id` (`user_id`),
  KEY `ix_imapaccount_email_address` (`email_address`(191)),
  CONSTRAINT `imapaccount_ibfk_1` FOREIGN KEY (`user_id`) REFERENCES `user` (`id`) ON DELETE CASCADE
) ENGINE=InnoDB AUTO_INCREMENT=2 DEFAULT CHARSET=utf8mb4;
/*!40101 SET character_set_client = @saved_cs_client */;

--
-- Dumping data for table `imapaccount`
--

LOCK TABLES `imapaccount` WRITE;
/*!40000 ALTER TABLE `imapaccount` DISABLE KEYS */;
INSERT INTO `imapaccount` VALUES (1,1,'inboxapptest@gmail.com','Gmail',1,'precise64',NULL,'986659776516-fg79mqbkbktf5ku10c215vdij918ra0a.apps.googleusercontent.com','115086935419017912828','ya29.1.AADtN_U-21Eov1fRPA93tbkhCk-zAUk5Lzq-5WpAjldYBLSvy0EJn0F9NHLr0wBirsqRQg','eyJhbGciOiJSUzI1NiIsImtpZCI6IjM4YjExMmYwZmFjYzhkYTQ0N2FjYjRhYmY5ZjNlOWY2OTRmMzczNTAifQ.eyJpc3MiOiJhY2NvdW50cy5nb29nbGUuY29tIiwiZW1haWwiOiJpbmJveGFwcHRlc3RAZ21haWwuY29tIiwidmVyaWZpZWRfZW1haWwiOiJ0cnVlIiwiZW1haWxfdmVyaWZpZWQiOiJ0cnVlIiwiaWQiOiIxMTUwODY5MzU0MTkwMTc5MTI4MjgiLCJzdWIiOiIxMTUwODY5MzU0MTkwMTc5MTI4MjgiLCJ0b2tlbl9oYXNoIjoiUUhWbV82V1g5NHpUbFFwcGdjTHdUZyIsImF0X2hhc2giOiJRSFZtXzZXWDk0elRsUXBwZ2NMd1RnIiwiY2lkIjoiOTg2NjU5Nzc2NTE2LWZnNzltcWJrYmt0ZjVrdTEwYzIxNXZkaWo5MThyYTBhLmFwcHMuZ29vZ2xldXNlcmNvbnRlbnQuY29tIiwiYXpwIjoiOTg2NjU5Nzc2NTE2LWZnNzltcWJrYmt0ZjVrdTEwYzIxNXZkaWo5MThyYTBhLmFwcHMuZ29vZ2xldXNlcmNvbnRlbnQuY29tIiwiYXVkIjoiOTg2NjU5Nzc2NTE2LWZnNzltcWJrYmt0ZjVrdTEwYzIxNXZkaWo5MThyYTBhLmFwcHMuZ29vZ2xldXNlcmNvbnRlbnQuY29tIiwiaWF0IjoxMzkxNTQzOTUwLCJleHAiOjEzOTE1NDc4NTB9.jShuuf76cU7mhRZqPbV650Lq3DBOqD1DGTZZktBlEuw3T1suPnenFKRZBhly61hNvYSOLrnQ72oKmelTaZWIvEzXCWi4J9cD0DkbXDKI24c_1SDNZy7zCWJVZ4IKvMk42XOTAv_7_WmS20wmTqZDkiYVKx5K0qgDINbWpAaridk',3600,'offline','Bearer','986659776516-fg79mqbkbktf5ku10c215vdij918ra0a.apps.googleusercontent.com','https://www.googleapis.com/auth/userinfo.email https://www.googleapis.com/auth/userinfo.profile https://mail.google.com/ https://www.google.com/m8/feeds https://www.googleapis.com/auth/calendar','1/X7WAuy_ymbwp5_BKYe4quV-ezoLwwHhEQlSahZAqips',1,'2014-02-04 20:04:10');
/*!40000 ALTER TABLE `imapaccount` ENABLE KEYS */;
UNLOCK TABLES;

--
-- Table structure for table `imapuid`
--

DROP TABLE IF EXISTS `imapuid`;
/*!40101 SET @saved_cs_client     = @@character_set_client */;
/*!40101 SET character_set_client = utf8 */;
CREATE TABLE `imapuid` (
  `id` int(11) NOT NULL AUTO_INCREMENT,
  `imapaccount_id` int(11) NOT NULL,
  `message_id` int(11) NOT NULL,
  `msg_uid` int(11) NOT NULL,
  `folder_name` varchar(191) DEFAULT NULL,
  `is_draft` tinyint(1) NOT NULL,
  `is_seen` tinyint(1) NOT NULL,
  `is_flagged` tinyint(1) NOT NULL,
  `is_recent` tinyint(1) NOT NULL,
  `is_answered` tinyint(1) NOT NULL,
  `extra_flags` varchar(40) NOT NULL,
  PRIMARY KEY (`id`),
  UNIQUE KEY `folder_name` (`folder_name`,`msg_uid`,`imapaccount_id`),
  KEY `message_id` (`message_id`),
  KEY `imapuid_imapaccount_id_folder_name` (`imapaccount_id`,`folder_name`),
  CONSTRAINT `imapuid_ibfk_1` FOREIGN KEY (`imapaccount_id`) REFERENCES `imapaccount` (`id`) ON DELETE CASCADE,
  CONSTRAINT `imapuid_ibfk_2` FOREIGN KEY (`message_id`) REFERENCES `message` (`id`)
) ENGINE=InnoDB AUTO_INCREMENT=7 DEFAULT CHARSET=utf8mb4;
/*!40101 SET character_set_client = @saved_cs_client */;

--
-- Dumping data for table `imapuid`
--

LOCK TABLES `imapuid` WRITE;
/*!40000 ALTER TABLE `imapuid` DISABLE KEYS */;
INSERT INTO `imapuid` VALUES (1,1,1,6,'[Gmail]/All Mail',0,1,0,0,0,'[]'),(2,1,2,5,'[Gmail]/All Mail',0,1,0,0,0,'[]'),(3,1,3,4,'[Gmail]/All Mail',0,0,0,0,0,'[]'),(4,1,4,3,'[Gmail]/All Mail',0,0,0,0,0,'[]'),(5,1,5,1,'[Gmail]/All Mail',0,0,0,0,0,'[]'),(6,1,6,2,'[Gmail]/All Mail',0,0,0,0,0,'[]');
/*!40000 ALTER TABLE `imapuid` ENABLE KEYS */;
UNLOCK TABLES;

--
-- Table structure for table `message`
--

DROP TABLE IF EXISTS `message`;
/*!40101 SET @saved_cs_client     = @@character_set_client */;
/*!40101 SET character_set_client = utf8 */;
CREATE TABLE `message` (
  `id` int(11) NOT NULL AUTO_INCREMENT,
  `thread_id` int(11) NOT NULL,
  `from_addr` text,
  `sender_addr` text,
  `reply_to` text,
  `to_addr` text,
  `cc_addr` text,
  `bcc_addr` text,
  `in_reply_to` text,
  `message_id` varchar(255) NOT NULL,
  `subject` text,
  `internaldate` datetime NOT NULL,
  `size` int(11) NOT NULL,
  `data_sha256` varchar(255) DEFAULT NULL,
  `mailing_list_headers` text,
  `sanitized_body` longtext NOT NULL,
  `snippet` varchar(191) NOT NULL,
  `decode_error` tinyint(1) NOT NULL,
  `g_msgid` varchar(40) DEFAULT NULL,
  `g_thrid` varchar(40) DEFAULT NULL,
  PRIMARY KEY (`id`),
  KEY `thread_id` (`thread_id`),
  CONSTRAINT `message_ibfk_1` FOREIGN KEY (`thread_id`) REFERENCES `thread` (`id`)
) ENGINE=InnoDB AUTO_INCREMENT=7 DEFAULT CHARSET=utf8mb4;
/*!40101 SET character_set_client = @saved_cs_client */;

--
-- Dumping data for table `message`
--

LOCK TABLES `message` WRITE;
/*!40000 ALTER TABLE `message` DISABLE KEYS */;
INSERT INTO `message` VALUES (1,1,'[\"Inbox App\", \"inboxapptest@gmail.com\"]',NULL,NULL,'[[\"Inbox App\", \"inboxapptest@gmail.com\"]]','[]','[]',NULL,'<CAOPuB_MrkEgSY5BdmvK7J=C416wJ==E75tZ5SXiwWVxVYiVs0g@mail.gmail.com>','testing','2013-10-22 15:57:11',673,'52183243e7493a162884ec02e0589fd0f8ee75c6495ac489bffd5013f962cd12','{\"List-Id\": null, \"List-Post\": null, \"List-Owner\": null, \"List-Subscribe\": null, \"List-Unsubscribe\": null, \"List-Archive\": null, \"List-Help\": null}','<html><body><div dir=\"ltr\">from gmail</div></body></html>','from gmail',0,'1449611683011191113','1449611683011191113'),(2,2,'[\"\", \"inboxapptest@gmail.com\"]',NULL,NULL,'[[\"\", \"inboxapptest@gmail.com\"]]','[]','[]',NULL,'<52649d1d.043b440a.01a2.7dd1@mx.google.com>','Postel lives!','2013-10-21 03:18:53',709,'32e2e200813af2ee8d5a67537dd7833c2ebfa4b9c4d11e94fd5ecc8984a1f02d','{\"List-Id\": null, \"List-Post\": null, \"List-Owner\": null, \"List-Subscribe\": null, \"List-Unsubscribe\": null, \"List-Archive\": null, \"List-Help\": null}','<p>Are you there?</p>','Are you there?',0,'1449473378597299824','1449473378597299824'),(3,3,'[\"\", \"no-reply@accounts.google.com\"]',NULL,NULL,'[[\"\", \"inboxapptest@gmail.com\"]]','[]','[]',NULL,'<MC4rhxPMVYU1ydNeoLDDDA@notifications.google.com>','Google Account recovery phone number changed','2013-10-21 02:55:43',19501,'7836dd4eef7852ea9e9fafae09cc40d18887478d8279d0c2e215c2a7daad3deb','{\"List-Id\": null, \"List-Post\": null, \"List-Owner\": null, \"List-Subscribe\": null, \"List-Unsubscribe\": null, \"List-Archive\": null, \"List-Help\": null}','<html lang=\"en\"><body style=\"margin:0; padding: 0;\">\n<table align=\"center\" bgcolor=\"#f1f1f1\" border=\"0\" cellpadding=\"0\" cellspacing=\"0\" height=\"100%\" style=\"border-collapse: collapse\" width=\"100%\">\n<tr align=\"center\">\n<td valign=\"top\">\n<table bgcolor=\"#f1f1f1\" border=\"0\" cellpadding=\"0\" cellspacing=\"0\" height=\"60\" style=\"border-collapse: collapse\">\n<tr height=\"40\" valign=\"middle\">\n<td width=\"9\"></td>\n<td valign=\"middle\" width=\"217\">\n<img alt=\"Google Accounts\" border=\"0\" height=\"40\" src=\"cid:google\" style=\"display: block;\"/>\n</td>\n<td style=\"font-size: 13px; font-family: arial, sans-serif; color: #777777; text-align: right\" width=\"327\">\n            \n              Inbox App\n            \n          </td>\n<td width=\"10\"></td>\n<td><img src=\"cid:profilephoto\"/></td>\n<td width=\"10\"></td>\n</tr>\n</table>\n<table bgcolor=\"#ffffff\" border=\"1\" bordercolor=\"#e5e5e5\" cellpadding=\"0\" cellspacing=\"0\" style=\"text-align: left\">\n<tr>\n<td height=\"15\" style=\"border-top: none; border-bottom: none; border-left: none; border-right: none;\">\n</td>\n</tr>\n<tr>\n<td style=\"border-top: none; border-bottom: none; border-left: none; border-right: none;\" width=\"15\">\n</td>\n<td style=\"font-size: 83%; border-top: none; border-bottom: none; border-left: none; border-right: none; font-size: 13px; font-family: arial, sans-serif; color: #222222; line-height: 18px\" valign=\"top\" width=\"568\">\n            \n              Hi Inbox,\n              <br/>\n<br/>\n            \n\n\nThe recovery phone number for your Google Account - inboxapptest@gmail.com - was recently changed. If you made this change, you don\'t need to do anything more.\n\n<br/>\n<br/>\n\nIf you didn\'t change your recovery phone, someone may have broken into your account. Visit this link for more information: <a href=\"https://support.google.com/accounts/bin/answer.py?answer=2450236\" style=\"text-decoration: none; color: #4D90FE\">https://support.google.com/accounts/bin/answer.py?answer=2450236</a>.\n\n<br/>\n<br/>\n\nIf you are having problems accessing your account, reset your password by clicking the button below:\n\n<br/>\n<br/>\n<a href=\"https://accounts.google.com/RecoverAccount?fpOnly=1&amp;source=ancrppe&amp;Email=inboxapptest@gmail.com\" style=\"text-align: center; font-size: 11px; font-family: arial, sans-serif; color: white; font-weight: bold; border-color: #3079ed; background-color: #4d90fe; background-image: linear-gradient(top,#4d90fe,#4787ed); text-decoration: none; display:inline-block; height: 27px; padding-left: 8px; padding-right: 8px; line-height: 27px; border-radius: 2px; border-width: 1px;\" target=\"_blank\">\n<span style=\"color: white;\">\n    \n      Reset password\n    \n  </span>\n</a>\n<br/>\n<br/>\n                \n                  Sincerely,<br/>\n                  The Google Accounts team\n                \n                </td>\n<td style=\"border-top: none; border-bottom: none; border-left: none; border-right: none;\" width=\"15\">\n</td>\n</tr>\n<tr>\n<td height=\"15\" style=\"border-top: none; border-bottom: none; border-left: none; border-right: none;\">\n</td>\n</tr>\n<tr>\n<td style=\"border-top: none; border-bottom: none; border-left: none; border-right: none;\" width=\"15\"></td>\n<td style=\"font-size: 11px; font-family: arial, sans-serif; color: #777777; border-top: none; border-bottom: none; border-left: none; border-right: none;\" width=\"568\">\n                \n                  This email can\'t receive replies. For more information, visit the <a href=\"https://support.google.com/accounts/bin/answer.py?answer=2450236\" style=\"text-decoration: none; color: #4D90FE\"><span style=\"color: #4D90FE;\">Google Accounts Help Center</span></a>.\n                \n                </td>\n<td style=\"border-top: none; border-bottom: none; border-left: none; border-right: none;\" width=\"15\"></td>\n</tr>\n<tr>\n<td height=\"15\" style=\"border-top: none; border-bottom: none; border-left: none; border-right: none;\">\n</td>\n</tr>\n</table>\n<table bgcolor=\"#f1f1f1\" height=\"80\" style=\"text-align: left\">\n<tr valign=\"middle\">\n<td style=\"font-size: 11px; font-family: arial, sans-serif; color: #777777;\">\n                  \n                    You received this mandatory email service announcement to update you about important changes to your Google product or account.\n                  \n                  <br/>\n<br/>\n<div style=\"direction: ltr;\">\n                  \n                    © 2013 Google Inc., 1600 Amphitheatre Parkway, Mountain View, CA 94043, USA\n                  \n                  </div>\n</td>\n</tr>\n</table>\n</td>\n</tr>\n</table>\n</body></html>','\n \n \n \n \n \n \n \n \n \n \n            \n              Inbox App\n            \n           \n \n \n \n \n \n \n \n \n \n \n \n \n \n \n            \n              Hi Inbox,\n               \n \n            \n\n\nThe recove',0,'1449471921372979402','1449471921372979402'),(4,4,'[\"Gmail Team\", \"mail-noreply@google.com\"]',NULL,NULL,'[[\"Inbox App\", \"inboxapptest@gmail.com\"]]','[]','[]',NULL,'<CAOPuB_NG4xY2e_0wQ7XXXNu6Sk1cB=tj_9e-x+5SBt40QyfbJg@mail.gmail.com>','Welcome to Gmail','2013-08-20 18:02:28',16786,'4790330973ed882ce69af17010cd52ef0d5e4473774a86d6f3dcd8d60f403702','{\"List-Id\": null, \"List-Post\": null, \"List-Owner\": null, \"List-Subscribe\": null, \"List-Unsubscribe\": null, \"List-Archive\": null, \"List-Help\": null}','<html xmlns=\"http://www.w3.org/1999/xhtml\"><head><meta content=\"text/html;charset=utf-8\" http-equiv=\"content-type\"/><title>Welcome to Gmail</title></head><body link=\"#1155CC\" marginheight=\"0\" marginwidth=\"0\" text=\"#444444\">\n<table bgcolor=\"#f5f5f5\" border=\"0\" cellpadding=\"0\" cellspacing=\"0\" style=\"border-collapse: collapse;\" width=\"100%\">\n<tr>\n<td> </td>\n<td height=\"51\" width=\"64\"><img alt=\"\" height=\"51\" src=\"https://ssl.gstatic.com/drive/announcements/images/framework-top-left.png\" style=\"display:block\" width=\"64\"/></td>\n<td background=\"https://ssl.gstatic.com/drive/announcements/images/framework-top-middle.png\" bgcolor=\"#f5f5f5\" height=\"51\" valign=\"bottom\" width=\"673\">\n</td>\n<td height=\"51\" width=\"64\"><img alt=\"\" height=\"51\" src=\"https://ssl.gstatic.com/drive/announcements/images/framework-top-right.png\" style=\"display:block\" width=\"68\"/></td>\n<td> </td>\n</tr>\n<tr>\n<td> </td>\n<td height=\"225\" width=\"64\"><img alt=\"\" height=\"225\" src=\"https://ssl.gstatic.com/drive/announcements/images/framework-middle-1-left.png\" style=\"display:block\" width=\"64\"/></td>\n<td bgcolor=\"#ffffff\" valign=\"top\" width=\"668\">\n<table border=\"0\" cellpadding=\"0\" cellspacing=\"0\" style=\"border-collapse: collapse; \" width=\"100%\">\n<tr>\n<td colspan=\"3\"> </td>\n</tr>\n<tr>\n<td align=\"center\" colspan=\"3\" height=\"50\" valign=\"bottom\"><img alt=\"\" src=\"https://ssl.gstatic.com/drive/announcements/images/logo.gif\" style=\"display:block\"/></td>\n</tr>\n<tr>\n<td colspan=\"3\" height=\"40\"> </td>\n</tr>\n<tr>\n<td> </td>\n<td width=\"450\">\n<b>\n<font color=\"#444444\" face=\"Arial, sans-serif\" size=\"-1\" style=\"line-height: 1.4em\">\n<img alt=\"\" src=\"https://ssl.gstatic.com/accounts/services/mail/msa/gmail_icon_small.png\" style=\"display:block;float:left;margin-top:4px;margin-right:3px;\"/>Hi Inbox\n                    </font>\n</b>\n</td>\n<td> </td>\n</tr>\n<tr>\n<td height=\"40\" valign=\"top\">\n</td></tr>\n<tr>\n<td width=\"111\"> </td>\n<td align=\"left\">\n<table border=\"0\" cellpadding=\"0\" cellspacing=\"0\" style=\"border-collapse: collapse;\" width=\"540\">\n<tr>\n<td valign=\"top\"><font color=\"#444444\" face=\"Arial, sans-serif\" size=\"+2\"><span style=\"font-family:Arial, sans-serif; font-size: 25px\">Welcome to Gmail</span></font></td>\n</tr>\n</table>\n</td>\n<td width=\"111\"> </td>\n</tr>\n<tr>\n<td colspan=\"3\" height=\"10\"> </td>\n</tr>\n</table>\n</td>\n<td height=\"225\" width=\"64\"><img alt=\"\" height=\"225\" src=\"https://ssl.gstatic.com/drive/announcements/images/framework-middle-1-right.png\" style=\"display:block\" width=\"64\"/></td>\n<td> </td>\n</tr>\n<tr>\n<td> </td>\n<td height=\"850\" width=\"64\"><img alt=\"\" height=\"850\" src=\"https://ssl.gstatic.com/drive/announcements/images/framework-middle-2-left.png\" style=\"display:block\" width=\"64\"/></td>\n<td align=\"center\" bgcolor=\"#ffffff\" valign=\"top\" width=\"668\">\n<table border=\"0\" cellpadding=\"0\" cellspacing=\"0\" style=\"border-collapse: collapse; \" width=\"540\">\n<tr>\n<td align=\"left\">\n<a href=\"https://mail.google.com/mail/help/redirect/index.html?r=inboxtabsvideo&amp;utm_source=welcome&amp;hl=en\" style=\"text-decoration:none;\"><img alt=\"\" border=\"0\" src=\"https://ssl.gstatic.com/mail/welcome/localized/en/welcome_video.png\" style=\"display:block\"/></a>\n</td>\n<td width=\"15\"></td>\n<td align=\"left\" valign=\"middle\">\n<table border=\"0\" cellpadding=\"0\" cellspacing=\"0\" style=\"border-collapse:collapse;\" width=\"400\">\n<tr>\n<td align=\"left\">\n<font color=\"#444444\" face=\"Arial,sans-serif\" size=\"+1\"><span style=\"font-family:Arial, sans-serif; font-size: 20px;\">Meet the inbox</span></font>\n</td>\n</tr>\n<tr>\n<td height=\"10\"></td>\n</tr>\n<tr>\n<td align=\"left\" valign=\"top\">\n<font color=\"#444444\" face=\"Arial,sans-serif\" size=\"-1\" style=\"line-height:1.4em\">Your inbox is organized into categories so that you can see what\'s new at a glance and decide which emails you want to read when. <a href=\"https://mail.google.com/mail/help/redirect/index.html?r=inboxtabsvideo&amp;utm_source=welcome&amp;hl=en\" style=\"text-decoration:none;\">Watch the video</a></font>\n</td>\n</tr>\n</table>\n</td>\n</tr>\n<tr>\n<td colspan=\"3\" height=\"30\"> </td>\n</tr>\n<tr>\n<td align=\"left\">\n<img alt=\"\" src=\"https://ssl.gstatic.com/mail/welcome/localized/en/welcome_inbox_tab.png\" style=\"display:block\"/>\n</td>\n<td width=\"15\"></td>\n<td align=\"left\" valign=\"middle\">\n<table border=\"0\" cellpadding=\"0\" cellspacing=\"0\" style=\"border-collapse:collapse;\" width=\"400\">\n<tr>\n<td align=\"left\">\n<font color=\"#444444\" face=\"Arial,sans-serif\" size=\"+1\"><span style=\"font-family:Arial, sans-serif; font-size: 20px;\">Organized into categories</span></font>\n</td>\n</tr>\n<tr>\n<td height=\"10\"></td>\n</tr>\n<tr>\n<td align=\"left\" valign=\"top\">\n<font color=\"#444444\" face=\"Arial,sans-serif\" size=\"-1\" style=\"line-height:1.4em\">You choose from five optional tabs: Primary, Social, Promotions, Updates and Forums.  Primary, Social and Promotions are enabled by default. These categories make it easy to read messages of the same type all at once.</font>\n</td>\n</tr>\n</table>\n</td>\n</tr>\n<tr>\n<td colspan=\"3\" height=\"30\"> </td>\n</tr>\n<tr>\n<td align=\"left\">\n<img alt=\"\" src=\"https://ssl.gstatic.com/mail/welcome/localized/en/welcome_customize.png\" style=\"display:block\"/>\n</td>\n<td width=\"15\"></td>\n<td align=\"left\" valign=\"middle\">\n<table border=\"0\" cellpadding=\"0\" cellspacing=\"0\" style=\"border-collapse:collapse;\" width=\"400\">\n<tr>\n<td align=\"left\">\n<font color=\"#444444\" face=\"Arial,sans-serif\" size=\"+1\"><span style=\"font-family:Arial, sans-serif; font-size: 20px;\">Easy to customize</span></font>\n</td>\n</tr>\n<tr>\n<td height=\"10\"></td>\n</tr>\n<tr>\n<td align=\"left\" valign=\"top\">\n<font color=\"#444444\" face=\"Arial,sans-serif\" size=\"-1\" style=\"line-height:1.4em\">Select the tabs you want from all five to none. And, if you see a message you want in a different tab, all you have to do is drag and drop it into the tab you choose. <a href=\"https://support.google.com/mail?hl=en&amp;p=inboxtabs\" style=\"text-decoration:none;\">More tips</a></font>\n</td>\n</tr>\n</table>\n</td>\n</tr>\n<tr>\n<td colspan=\"3\" height=\"30\"> </td>\n</tr>\n<tr>\n<td align=\"left\">\n<img alt=\"\" src=\"https://ssl.gstatic.com/mail/welcome/localized/en/welcome_mobile.png\" style=\"display:block\"/>\n</td>\n<td width=\"15\"></td>\n<td align=\"left\" valign=\"middle\">\n<table border=\"0\" cellpadding=\"0\" cellspacing=\"0\" style=\"border-collapse:collapse;\" width=\"400\">\n<tr>\n<td align=\"left\">\n<font color=\"#444444\" face=\"Arial,sans-serif\" size=\"+1\"><span style=\"font-family:Arial, sans-serif; font-size: 20px;\">Get the inbox on your mobile device</span></font>\n</td>\n</tr>\n<tr>\n<td height=\"10\"></td>\n</tr>\n<tr>\n<td align=\"left\" valign=\"top\">\n<font color=\"#444444\" face=\"Arial,sans-serif\" size=\"-1\" style=\"line-height:1.4em\">Gmail\'s inbox is available in Gmail\'s official mobile apps on <a href=\"https://mail.google.com/mail/help/redirect/index.html?r=android&amp;utm_campaign=android&amp;utm_source=welcome&amp;hl=en\" style=\"text-decoration:none;\">Android 4.0+ devices</a> as well as <a href=\"https://mail.google.com/mail/help/redirect/index.html?r=apple&amp;hl=en\" style=\"text-decoration:none;\">iPhone and iPad</a>.  Your mobile inbox and notifications show primary email.  It\'s easy to access and keep track of email in other categories.</font>\n<table border=\"0\" cellpadding=\"0\" cellspacing=\"0\" style=\"border-collapse: collapse;\" width=\"300\">\n<tr>\n<td height=\"60\" width=\"130\">\n<a href=\"https://mail.google.com/mail/help/redirect/index.html?r=android&amp;utm_campaign=android&amp;utm_source=welcome&amp;hl=en\" style=\"text-decoration:none;\">\n<img alt=\"\" border=\"0\" height=\"41\" src=\"https://ssl.gstatic.com/accounts/services/mail/buttons/google_play_en.png\" style=\"display:block;\" width=\"119\"/>\n</a>\n</td>\n<td height=\"60\" width=\"150\">\n<a href=\"https://mail.google.com/mail/help/redirect/index.html?r=apple&amp;utm_campaign=apple&amp;utm_source=welcome&amp;hl=en\" style=\"text-decoration:none;\">\n<img alt=\"\" border=\"0\" height=\"42\" src=\"https://ssl.gstatic.com/accounts/services/mail/buttons/apple_store_en.png\" style=\"display:block;\" width=\"140\"/>\n</a>\n</td>\n</tr>\n</table>\n</td>\n</tr>\n</table>\n</td>\n</tr>\n<tr>\n<td colspan=\"3\" height=\"30\"> </td>\n</tr>\n</table>\n<table border=\"0\" cellpadding=\"0\" cellspacing=\"0\" style=\"border-collapse: collapse; \" width=\"500\">\n<tr>\n<td colspan=\"2\" height=\"40\"> </td>\n</tr>\n<tr>\n<td rowspan=\"2\" width=\"68\"><img alt=\"\" src=\"https://ssl.gstatic.com/accounts/services/mail/msa/gmail_icon_large.png\" style=\"display:block\"/></td>\n<td align=\"left\" height=\"20\" valign=\"bottom\"><font color=\"#444444\" face=\"Arial, sans-serif\" size=\"-1\">Happy emailing,</font></td>\n</tr>\n<tr>\n<td align=\"left\" valign=\"top\"><font color=\"#444444\" face=\"Arial, sans-serif\" size=\"+2\"><span style=\"font-family:Arial, sans-serif;\">The Gmail Team</span></font></td>\n</tr>\n<tr>\n<td colspan=\"2\" height=\"60\"> </td>\n</tr>\n</table>\n</td>\n<td height=\"850\" width=\"64\"><img alt=\"\" height=\"850\" src=\"https://ssl.gstatic.com/drive/announcements/images/framework-middle-2-right.png\" style=\"display:block\" width=\"64\"/></td>\n<td> </td>\n</tr>\n<tr>\n<td> </td>\n<td height=\"102\" width=\"64\"><img alt=\"\" height=\"102\" src=\"https://ssl.gstatic.com/drive/announcements/images/framework-bottom-left.png\" style=\"display:block\" width=\"64\"/></td>\n<td background=\"https://ssl.gstatic.com/drive/announcements/images/framework-bottom-middle.png\" height=\"102\" valign=\"top\" width=\"673\">\n<table border=\"0\" cellpadding=\"0\" cellspacing=\"0\" style=\"border-collapse: collapse; \" width=\"100%\">\n<tr>\n<td height=\"12\"></td>\n</tr>\n<tr>\n<td valign=\"bottom\">\n<font color=\"#AAAAAA\" face=\"Arial, sans-serif\" size=\"-2\">\n                  © 2013 Google Inc. 1600 Amphitheatre Parkway, Mountain View, CA 94043\n                </font>\n</td>\n</tr>\n</table>\n</td>\n<td height=\"102\" width=\"64\"><img alt=\"\" height=\"102\" src=\"https://ssl.gstatic.com/drive/announcements/images/framework-bottom-right.png\" style=\"display:block\" width=\"68\"/></td>\n<td> </td>\n</tr>\n</table>\n</body></html>','\n \n \n   \n \n \n \n \n   \n \n \n   \n \n \n \n \n   \n \n \n \n \n \n   \n \n \n   \n \n \n \n Hi Inbox\n                     \n \n \n   \n \n \n \n \n \n   \n \n \n \n Welcome to Gmail \n \n \n \n   \n \n \n   \n \n \n \n \n   \n \n \n   \n \n \n ',0,'1443911957436186914','1443911957436186914'),(5,5,'[\"Gmail Team\", \"mail-noreply@google.com\"]',NULL,NULL,'[[\"Inbox App\", \"inboxapptest@gmail.com\"]]','[]','[]',NULL,'<CAOPuB_MAEq7GsOVvWgE+qHR_6vWYXifHhF+hQ1sFyzk_eKPYpQ@mail.gmail.com>','Tips for using Gmail','2013-08-20 18:02:28',15711,'8f62d93f04735652b9f4edc89bc764e5b48fff1bcd0acec67718047c81d76051','{\"List-Id\": null, \"List-Post\": null, \"List-Owner\": null, \"List-Subscribe\": null, \"List-Unsubscribe\": null, \"List-Archive\": null, \"List-Help\": null}','<html xmlns=\"http://www.w3.org/1999/xhtml\"><head><meta content=\"text/html;charset=utf-8\" http-equiv=\"content-type\"/><title>Tips for using Gmail</title></head><body link=\"#1155CC\" marginheight=\"0\" marginwidth=\"0\" text=\"#444444\">\n<table bgcolor=\"#f5f5f5\" border=\"0\" cellpadding=\"0\" cellspacing=\"0\" style=\"border-collapse: collapse;\" width=\"100%\">\n<tr>\n<td> </td>\n<td height=\"51\" width=\"64\"><img alt=\"\" height=\"51\" src=\"https://ssl.gstatic.com/drive/announcements/images/framework-top-left.png\" style=\"display:block\" width=\"64\"/></td>\n<td background=\"https://ssl.gstatic.com/drive/announcements/images/framework-top-middle.png\" bgcolor=\"#f5f5f5\" height=\"51\" valign=\"bottom\" width=\"673\">\n</td>\n<td height=\"51\" width=\"64\"><img alt=\"\" height=\"51\" src=\"https://ssl.gstatic.com/drive/announcements/images/framework-top-right.png\" style=\"display:block\" width=\"68\"/></td>\n<td> </td>\n</tr>\n<tr>\n<td> </td>\n<td height=\"225\" width=\"64\"><img alt=\"\" height=\"225\" src=\"https://ssl.gstatic.com/drive/announcements/images/framework-middle-1-left.png\" style=\"display:block\" width=\"64\"/></td>\n<td bgcolor=\"#ffffff\" valign=\"top\" width=\"668\">\n<table border=\"0\" cellpadding=\"0\" cellspacing=\"0\" style=\"border-collapse: collapse; \" width=\"100%\">\n<tr>\n<td colspan=\"3\"> </td>\n</tr>\n<tr>\n<td align=\"center\" colspan=\"3\" height=\"50\" valign=\"bottom\"><img alt=\"\" src=\"https://ssl.gstatic.com/drive/announcements/images/logo.gif\" style=\"display:block\"/></td>\n</tr>\n<tr>\n<td colspan=\"3\" height=\"40\"> </td>\n</tr>\n<tr>\n<td> </td>\n<td width=\"450\">\n<b>\n<font color=\"#444444\" face=\"Arial, sans-serif\" size=\"-1\" style=\"line-height: 1.4em\">\n<img alt=\"\" src=\"https://ssl.gstatic.com/accounts/services/mail/msa/gmail_icon_small.png\" style=\"display:block;float:left;margin-top:4px;margin-right:3px;\"/>Hi Inbox\n                    </font>\n</b>\n</td>\n<td> </td>\n</tr>\n<tr>\n<td height=\"40\" valign=\"top\">\n</td></tr>\n<tr>\n<td width=\"111\"> </td>\n<td align=\"left\">\n<table border=\"0\" cellpadding=\"0\" cellspacing=\"0\" style=\"border-collapse: collapse;\" width=\"540\">\n<tr>\n<td valign=\"top\"><font color=\"#444444\" face=\"Arial, sans-serif\" size=\"+2\"><span style=\"font-family:Open Sans, Arial, sans-serif; font-size: 25px\">Tips for using Gmail</span></font></td>\n</tr>\n</table>\n</td>\n<td width=\"111\"> </td>\n</tr>\n<tr>\n<td colspan=\"3\" height=\"10\"> </td>\n</tr>\n</table>\n</td>\n<td height=\"225\" width=\"64\"><img alt=\"\" height=\"225\" src=\"https://ssl.gstatic.com/drive/announcements/images/framework-middle-1-right.png\" style=\"display:block\" width=\"64\"/></td>\n<td> </td>\n</tr>\n<tr>\n<td> </td>\n<td height=\"950\" width=\"64\"><img alt=\"\" height=\"950\" src=\"https://ssl.gstatic.com/drive/announcements/images/framework-middle-2-left.png\" style=\"display:block\" width=\"64\"/></td>\n<td align=\"center\" bgcolor=\"#ffffff\" valign=\"top\" width=\"668\">\n<table border=\"0\" cellpadding=\"0\" cellspacing=\"0\" style=\"border-collapse: collapse;\" width=\"540\">\n<tr>\n<td align=\"left\">\n<img alt=\"\" src=\"https://ssl.gstatic.com/accounts/services/mail/msa/welcome_hangouts.png\" style=\"display:block\"/>\n</td>\n<td width=\"15\"></td>\n<td align=\"left\" valign=\"middle\">\n<table border=\"0\" cellpadding=\"0\" cellspacing=\"0\" style=\"border-collapse:collapse;\" width=\"400\">\n<tr>\n<td align=\"left\">\n<font color=\"#444444\" face=\"Arial,sans-serif\" size=\"+1\"><span style=\"font-family:Arial, sans-serif; font-size: 20px;\">Chat right from your inbox</span></font>\n</td>\n</tr>\n<tr>\n<td height=\"10\"></td>\n</tr>\n<tr>\n<td align=\"left\" valign=\"top\">\n<font color=\"#444444\" face=\"Arial,sans-serif\" size=\"-1\" style=\"line-height:1.4em\">Chat with contacts and start video chats with up to 10 people in <a href=\"http://www.google.com/+/learnmore/hangouts/?hl=en\" style=\"text-decoration:none;\">Google+ Hangouts</a>.</font>\n</td>\n</tr>\n</table>\n</td>\n</tr>\n<tr>\n<td colspan=\"3\" height=\"30\"> </td>\n</tr>\n<tr>\n<td align=\"left\">\n<img alt=\"\" src=\"https://ssl.gstatic.com/accounts/services/mail/msa/welcome_contacts.png\" style=\"display:block\"/>\n</td>\n<td width=\"15\"></td>\n<td align=\"left\" valign=\"middle\">\n<table border=\"0\" cellpadding=\"0\" cellspacing=\"0\" style=\"border-collapse:collapse;\" width=\"400\">\n<tr>\n<td align=\"left\">\n<font color=\"#444444\" face=\"Arial,sans-serif\" size=\"+1\"><span style=\"font-family:Arial, sans-serif; font-size: 20px;\">Bring your email into Gmail</span></font>\n</td>\n</tr>\n<tr>\n<td height=\"10\"></td>\n</tr>\n<tr>\n<td align=\"left\" valign=\"top\">\n<font color=\"#444444\" face=\"Arial,sans-serif\" size=\"-1\" style=\"line-height:1.4em\">You can import your email from other webmail to make the transition to Gmail a bit easier. <a href=\"https://support.google.com/mail/answer/164640?hl=en\" style=\"text-decoration:none;\">Learn how.</a></font>\n</td>\n</tr>\n</table>\n</td>\n</tr>\n<tr>\n<td colspan=\"3\" height=\"30\"> </td>\n</tr>\n<tr>\n<td align=\"left\">\n<img alt=\"\" src=\"https://ssl.gstatic.com/mail/welcome/localized/en/welcome_drive.png\" style=\"display:block\"/>\n</td>\n<td width=\"15\"></td>\n<td align=\"left\" valign=\"middle\">\n<table border=\"0\" cellpadding=\"0\" cellspacing=\"0\" style=\"border-collapse:collapse;\" width=\"400\">\n<tr>\n<td align=\"left\">\n<font color=\"#444444\" face=\"Arial,sans-serif\" size=\"+1\"><span style=\"font-family:Arial, sans-serif; font-size: 20px;\">Use Google Drive to send large files</span></font>\n</td>\n</tr>\n<tr>\n<td height=\"10\"></td>\n</tr>\n<tr>\n<td align=\"left\" valign=\"top\">\n<font color=\"#444444\" face=\"Arial,sans-serif\" size=\"-1\" style=\"line-height:1.4em\"><a href=\"https://support.google.com/mail/answer/2480713?hl=en\" style=\"text-decoration:none;\">Send huge files in Gmail </a>  (up to 10GB) using <a href=\"https://drive.google.com/?hl=en\" style=\"text-decoration:none;\">Google Drive</a>. Plus files stored in Drive stay up-to-date automatically so everyone has the most recent version and can access them from anywhere.</font>\n</td>\n</tr>\n</table>\n</td>\n</tr>\n<tr>\n<td colspan=\"3\" height=\"30\"> </td>\n</tr>\n<tr>\n<td align=\"left\">\n<img alt=\"\" src=\"https://ssl.gstatic.com/accounts/services/mail/msa/welcome_storage.png\" style=\"display:block\"/>\n</td>\n<td width=\"15\"></td>\n<td align=\"left\" valign=\"middle\">\n<table border=\"0\" cellpadding=\"0\" cellspacing=\"0\" style=\"border-collapse:collapse;\" width=\"400\">\n<tr>\n<td align=\"left\">\n<font color=\"#444444\" face=\"Arial,sans-serif\" size=\"+1\"><span style=\"font-family:Arial, sans-serif; font-size: 20px;\">Save everything</span></font>\n</td>\n</tr>\n<tr>\n<td height=\"10\"></td>\n</tr>\n<tr>\n<td align=\"left\" valign=\"top\">\n<font color=\"#444444\" face=\"Arial,sans-serif\" size=\"-1\" style=\"line-height:1.4em\">With 10GB of space, you’ll never need to delete an email. Just keep everything and easily find it later.</font>\n</td>\n</tr>\n</table>\n</td>\n</tr>\n<tr>\n<td colspan=\"3\" height=\"30\"> </td>\n</tr>\n<tr>\n<td align=\"left\">\n<img alt=\"\" src=\"https://ssl.gstatic.com/mail/welcome/localized/en/welcome_search.png\" style=\"display:block\"/>\n</td>\n<td width=\"15\"></td>\n<td align=\"left\" valign=\"middle\">\n<table border=\"0\" cellpadding=\"0\" cellspacing=\"0\" style=\"border-collapse:collapse;\" width=\"400\">\n<tr>\n<td align=\"left\">\n<font color=\"#444444\" face=\"Arial,sans-serif\" size=\"+1\"><span style=\"font-family:Arial, sans-serif; font-size: 20px;\">Find emails fast</span></font>\n</td>\n</tr>\n<tr>\n<td height=\"10\"></td>\n</tr>\n<tr>\n<td align=\"left\" valign=\"top\">\n<font color=\"#444444\" face=\"Arial,sans-serif\" size=\"-1\" style=\"line-height:1.4em\">With the power of Google Search right in your inbox, you can quickly find the important emails you need with suggestions based on emails, past searches and contacts.</font>\n</td>\n</tr>\n</table>\n</td>\n</tr>\n<tr>\n<td colspan=\"3\" height=\"30\"> </td>\n</tr>\n</table>\n<table border=\"0\" cellpadding=\"0\" cellspacing=\"0\" style=\"border-collapse: collapse; \" width=\"500\">\n<tr>\n<td colspan=\"2\" height=\"40\"> </td>\n</tr>\n<tr>\n<td rowspan=\"2\" width=\"68\"><img alt=\"\" src=\"https://ssl.gstatic.com/accounts/services/mail/msa/gmail_icon_large.png\" style=\"display:block\"/></td>\n<td align=\"left\" height=\"20\" valign=\"bottom\"><font color=\"#444444\" face=\"Arial, sans-serif\" size=\"-1\">Happy emailing,</font></td>\n</tr>\n<tr>\n<td align=\"left\" valign=\"top\"><font color=\"#444444\" face=\"Arial, sans-serif\" size=\"+2\"><span style=\"font-family:Open Sans, Arial, sans-serif;\">The Gmail Team</span></font></td>\n</tr>\n<tr>\n<td colspan=\"2\" height=\"60\"> </td>\n</tr>\n</table>\n</td>\n<td height=\"950\" width=\"64\"><img alt=\"\" height=\"950\" src=\"https://ssl.gstatic.com/drive/announcements/images/framework-middle-2-right.png\" style=\"display:block\" width=\"64\"/></td>\n<td> </td>\n</tr>\n<tr>\n<td> </td>\n<td height=\"102\" width=\"64\"><img alt=\"\" height=\"102\" src=\"https://ssl.gstatic.com/drive/announcements/images/framework-bottom-left.png\" style=\"display:block\" width=\"64\"/></td>\n<td background=\"https://ssl.gstatic.com/drive/announcements/images/framework-bottom-middle.png\" height=\"102\" valign=\"top\" width=\"673\">\n<table border=\"0\" cellpadding=\"0\" cellspacing=\"0\" style=\"border-collapse: collapse; \" width=\"100%\">\n<tr>\n<td height=\"12\"></td>\n</tr>\n<tr>\n<td valign=\"bottom\">\n<font color=\"#AAAAAA\" face=\"Arial, sans-serif\" size=\"-2\">\n                  © 2013 Google Inc. 1600 Amphitheatre Parkway, Mountain View, CA 94043\n                </font>\n</td>\n</tr>\n</table>\n</td>\n<td height=\"102\" width=\"64\"><img alt=\"\" height=\"102\" src=\"https://ssl.gstatic.com/drive/announcements/images/framework-bottom-right.png\" style=\"display:block\" width=\"68\"/></td>\n<td> </td>\n</tr>\n</table>\n</body></html>','\n \n \n   \n \n \n \n \n   \n \n \n   \n \n \n \n \n   \n \n \n \n \n \n   \n \n \n   \n \n \n \n Hi Inbox\n                     \n \n \n   \n \n \n \n \n \n   \n \n \n \n Tips for using Gmail \n \n \n \n   \n \n \n   \n \n \n \n \n   \n \n \n   \n ',0,'1443911956831022215','1443911956831022215'),(6,6,'[\"Gmail Team\", \"mail-noreply@google.com\"]',NULL,NULL,'[[\"Inbox App\", \"inboxapptest@gmail.com\"]]','[]','[]',NULL,'<CAOPuB_P6erJVnzgUwWd5D8se_BfgOodo9+=rFEN_was7v_bN0Q@mail.gmail.com>','Get Gmail for your mobile device','2013-08-20 18:02:28',9091,'421c9d2bfd657428d847e28f4f7e49747a052c55230c16bde279854294473790','{\"List-Id\": null, \"List-Post\": null, \"List-Owner\": null, \"List-Subscribe\": null, \"List-Unsubscribe\": null, \"List-Archive\": null, \"List-Help\": null}','<html xmlns=\"http://www.w3.org/1999/xhtml\"><head><meta content=\"text/html;charset=utf-8\" http-equiv=\"content-type\"/><title>Get Gmail for your mobile device</title></head><body link=\"#1155CC\" marginheight=\"0\" marginwidth=\"0\" text=\"#444444\">\n<table bgcolor=\"#f5f5f5\" border=\"0\" cellpadding=\"0\" cellspacing=\"0\" style=\"border-collapse: collapse;\" width=\"100%\">\n<tr>\n<td> </td>\n<td height=\"51\" width=\"64\"><img alt=\"\" height=\"51\" src=\"https://ssl.gstatic.com/drive/announcements/images/framework-top-left.png\" style=\"display:block\" width=\"64\"/></td>\n<td background=\"https://ssl.gstatic.com/drive/announcements/images/framework-top-middle.png\" bgcolor=\"#f5f5f5\" height=\"51\" valign=\"bottom\" width=\"673\">\n</td>\n<td height=\"51\" width=\"64\"><img alt=\"\" height=\"51\" src=\"https://ssl.gstatic.com/drive/announcements/images/framework-top-right.png\" style=\"display:block\" width=\"68\"/></td>\n<td> </td>\n</tr>\n<tr>\n<td> </td>\n<td height=\"100\" width=\"64\"><img alt=\"\" height=\"100\" src=\"https://ssl.gstatic.com/drive/announcements/images/framework-middle-1-left.png\" style=\"display:block\" width=\"64\"/></td>\n<td bgcolor=\"#ffffff\" valign=\"top\" width=\"668\">\n<table border=\"0\" cellpadding=\"0\" cellspacing=\"0\" style=\"border-collapse: collapse;\" width=\"100%\">\n<tr>\n<td colspan=\"3\"> </td>\n</tr>\n<tr>\n<td align=\"center\" colspan=\"3\" height=\"50\" valign=\"bottom\"><img alt=\"\" src=\"https://ssl.gstatic.com/drive/announcements/images/logo.gif\" style=\"display:block\"/></td>\n</tr>\n<tr>\n<td colspan=\"3\"> </td>\n</tr>\n</table>\n</td>\n<td height=\"100\" width=\"64\"><img alt=\"\" height=\"100\" src=\"https://ssl.gstatic.com/drive/announcements/images/framework-middle-1-right.png\" style=\"display:block\" width=\"64\"/></td>\n<td> </td>\n</tr>\n<tr>\n<td> </td>\n<td height=\"430\" width=\"64\"><img alt=\"\" height=\"430\" src=\"https://ssl.gstatic.com/drive/announcements/images/framework-middle-2-left.png\" style=\"display:block\" width=\"64\"/></td>\n<td align=\"center\" bgcolor=\"#ffffff\" valign=\"top\" width=\"668\">\n<table border=\"0\" cellpadding=\"0\" cellspacing=\"0\" style=\"border-collapse: collapse; \" width=\"540\">\n<tr>\n<td align=\"left\">\n<b>\n<font color=\"#444444\" face=\"Arial, sans-serif\" size=\"-1\" style=\"line-height: 1.4em\">\n<img alt=\"\" src=\"https://ssl.gstatic.com/accounts/services/mail/msa/gmail_icon_small.png\" style=\"display:block;float:left;margin-top:4px;margin-right:3px;\"/>Hi Inbox\n                  </font>\n</b>\n</td>\n</tr>\n<tr>\n<td align=\"left\" rowspan=\"1\" width=\"450\">\n<span style=\"font-family:Open Sans, Arial, sans-serif; font-size: 25px\">Get Gmail for your mobile device</span>\n<p>\n<font color=\"#444444\" face=\"Arial,sans-serif\" size=\"-1\" style=\"line-height:1.4em\">Gmail is always available wherever you are, from any device - desktop, laptop, phone or tablet.  Download the app or go to <a href=\"https://www.gmail.com\">gmail.com</a> on your mobile device to get started.</font>\n</p>\n<table border=\"0\" cellpadding=\"0\" cellspacing=\"0\" style=\"border-collapse: collapse;\" width=\"300\">\n<tr>\n<td height=\"60\" width=\"130\">\n<a href=\"https://mail.google.com/mail/help/redirect/index.html?r=android&amp;utm_campaign=android&amp;utm_source=welcome&amp;hl=en\">\n<img alt=\"\" border=\"0\" height=\"41\" src=\"https://ssl.gstatic.com/accounts/services/mail/buttons/google_play_en.png\" style=\"display:block;\" width=\"119\"/>\n</a>\n</td>\n<td height=\"60\" width=\"150\">\n<a href=\"https://mail.google.com/mail/help/redirect/index.html?r=apple&amp;utm_campaign=apple&amp;utm_source=welcome&amp;hl=en\">\n<img alt=\"\" border=\"0\" height=\"42\" src=\"https://ssl.gstatic.com/accounts/services/mail/buttons/apple_store_en.png\" style=\"display:block;\" width=\"140\"/>\n</a>\n</td>\n</tr>\n</table>\n</td>\n<td rowspan=\"1\" width=\"15\"></td>\n<td align=\"left\" width=\"150\">\n<img alt=\"\" src=\"https://ssl.gstatic.com/accounts/services/mail/msa/welcome_nexus.png\" style=\"display:block\"/>\n</td>\n</tr>\n</table>\n<table border=\"0\" cellpadding=\"0\" cellspacing=\"0\" style=\"border-collapse: collapse; \" width=\"540\">\n<tr>\n<td colspan=\"2\" height=\"40\"> </td>\n</tr>\n<tr>\n<td rowspan=\"2\" width=\"68\"><img alt=\"\" src=\"https://ssl.gstatic.com/accounts/services/mail/msa/gmail_icon_large.png\" style=\"display:block\"/></td>\n<td align=\"left\" height=\"20\" valign=\"bottom\"><font color=\"#444444\" face=\"Arial, sans-serif\" size=\"-1\">Happy emailing,</font></td>\n</tr>\n<tr>\n<td align=\"left\" valign=\"top\"><font color=\"#444444\" face=\"Arial, sans-serif\" size=\"+2\"><span style=\"font-family:Open Sans, Arial, sans-serif;\">The Gmail Team</span></font></td>\n</tr>\n<tr>\n<td colspan=\"2\" height=\"62\"> </td>\n</tr>\n</table>\n</td>\n<td height=\"430\" width=\"64\"><img alt=\"\" height=\"430\" src=\"https://ssl.gstatic.com/drive/announcements/images/framework-middle-2-right.png\" style=\"display:block\" width=\"64\"/></td>\n<td> </td>\n</tr>\n<tr>\n<td> </td>\n<td height=\"102\" width=\"64\"><img alt=\"\" height=\"102\" src=\"https://ssl.gstatic.com/drive/announcements/images/framework-bottom-left.png\" style=\"display:block\" width=\"64\"/></td>\n<td background=\"https://ssl.gstatic.com/drive/announcements/images/framework-bottom-middle.png\" height=\"102\" valign=\"top\" width=\"673\">\n<table border=\"0\" cellpadding=\"0\" cellspacing=\"0\" style=\"border-collapse: collapse; \" width=\"100%\">\n<tr>\n<td height=\"12\"></td>\n</tr>\n<tr>\n<td valign=\"bottom\">\n<font color=\"#AAAAAA\" face=\"Arial, sans-serif\" size=\"-2\">\n                  © 2013 Google Inc. 1600 Amphitheatre Parkway, Mountain View, CA 94043\n                </font>\n</td>\n</tr>\n</table>\n</td>\n<td height=\"102\" width=\"64\"><img alt=\"\" height=\"102\" src=\"https://ssl.gstatic.com/drive/announcements/images/framework-bottom-right.png\" style=\"display:block\" width=\"68\"/></td>\n<td> </td>\n</tr>\n</table>\n</body></html>','\n \n \n   \n \n \n \n \n   \n \n \n   \n \n \n \n \n   \n \n \n \n \n \n   \n \n \n \n \n   \n \n \n   \n \n \n \n \n \n \n \n Hi Inbox\n                   \n \n \n \n \n \n Get Gmail for your mobile device \n \n Gmail is always availabl',0,'1443911956799750690','1443911956799750690');
/*!40000 ALTER TABLE `message` ENABLE KEYS */;
UNLOCK TABLES;

--
-- Table structure for table `namespace`
--

DROP TABLE IF EXISTS `namespace`;
/*!40101 SET @saved_cs_client     = @@character_set_client */;
/*!40101 SET character_set_client = utf8 */;
CREATE TABLE `namespace` (
  `id` int(11) NOT NULL AUTO_INCREMENT,
  `imapaccount_id` int(11) DEFAULT NULL,
  `type` enum('root','shared_folder') NOT NULL,
  PRIMARY KEY (`id`),
  KEY `imapaccount_id` (`imapaccount_id`),
  CONSTRAINT `namespace_ibfk_1` FOREIGN KEY (`imapaccount_id`) REFERENCES `imapaccount` (`id`) ON DELETE CASCADE
) ENGINE=InnoDB AUTO_INCREMENT=2 DEFAULT CHARSET=utf8mb4;
/*!40101 SET character_set_client = @saved_cs_client */;

--
-- Dumping data for table `namespace`
--

LOCK TABLES `namespace` WRITE;
/*!40000 ALTER TABLE `namespace` DISABLE KEYS */;
INSERT INTO `namespace` VALUES (1,1,'root');
/*!40000 ALTER TABLE `namespace` ENABLE KEYS */;
UNLOCK TABLES;

--
-- Table structure for table `sharedfolder`
--

DROP TABLE IF EXISTS `sharedfolder`;
/*!40101 SET @saved_cs_client     = @@character_set_client */;
/*!40101 SET character_set_client = utf8 */;
CREATE TABLE `sharedfolder` (
  `id` int(11) NOT NULL AUTO_INCREMENT,
  `user_id` int(11) NOT NULL,
  `namespace_id` int(11) NOT NULL,
  `display_name` varchar(40) DEFAULT NULL,
  PRIMARY KEY (`id`),
  KEY `user_id` (`user_id`),
  KEY `namespace_id` (`namespace_id`),
  CONSTRAINT `sharedfolder_ibfk_1` FOREIGN KEY (`user_id`) REFERENCES `user` (`id`),
  CONSTRAINT `sharedfolder_ibfk_2` FOREIGN KEY (`namespace_id`) REFERENCES `namespace` (`id`)
) ENGINE=InnoDB DEFAULT CHARSET=utf8mb4;
/*!40101 SET character_set_client = @saved_cs_client */;

--
-- Dumping data for table `sharedfolder`
--

LOCK TABLES `sharedfolder` WRITE;
/*!40000 ALTER TABLE `sharedfolder` DISABLE KEYS */;
/*!40000 ALTER TABLE `sharedfolder` ENABLE KEYS */;
UNLOCK TABLES;

--
-- Table structure for table `thread`
--

DROP TABLE IF EXISTS `thread`;
/*!40101 SET @saved_cs_client     = @@character_set_client */;
/*!40101 SET character_set_client = utf8 */;
CREATE TABLE `thread` (
  `id` int(11) NOT NULL AUTO_INCREMENT,
  `subject` text,
  `subjectdate` datetime NOT NULL,
  `recentdate` datetime NOT NULL,
  `namespace_id` int(11) NOT NULL,
  `g_thrid` varchar(255) DEFAULT NULL,
  PRIMARY KEY (`id`),
  KEY `ix_thread_namespace_id` (`namespace_id`),
  KEY `ix_thread_g_thrid` (`g_thrid`(191)),
  CONSTRAINT `thread_ibfk_1` FOREIGN KEY (`namespace_id`) REFERENCES `namespace` (`id`) ON DELETE CASCADE
) ENGINE=InnoDB AUTO_INCREMENT=7 DEFAULT CHARSET=utf8mb4;
/*!40101 SET character_set_client = @saved_cs_client */;

--
-- Dumping data for table `thread`
--

LOCK TABLES `thread` WRITE;
/*!40000 ALTER TABLE `thread` DISABLE KEYS */;
INSERT INTO `thread` VALUES (1,'testing','2013-10-22 15:57:11','2013-10-22 15:57:11',1,'1449611683011191113'),(2,'Postel lives!','2013-10-21 03:18:53','2013-10-21 03:18:53',1,'1449473378597299824'),(3,'Google Account recovery phone number changed','2013-10-21 02:55:43','2013-10-21 02:55:43',1,'1449471921372979402'),(4,'Welcome to Gmail','2013-08-20 18:02:28','2013-08-20 18:02:28',1,'1443911957436186914'),(5,'Tips for using Gmail','2013-08-20 18:02:28','2013-08-20 18:02:28',1,'1443911956831022215'),(6,'Get Gmail for your mobile device','2013-08-20 18:02:28','2013-08-20 18:02:28',1,'1443911956799750690');
/*!40000 ALTER TABLE `thread` ENABLE KEYS */;
UNLOCK TABLES;

--
-- Table structure for table `transaction`
--

DROP TABLE IF EXISTS `transaction`;
/*!40101 SET @saved_cs_client     = @@character_set_client */;
/*!40101 SET character_set_client = utf8 */;
CREATE TABLE `transaction` (
  `id` int(11) NOT NULL AUTO_INCREMENT,
  `table_name` varchar(20) NOT NULL,
  `record_id` int(11) NOT NULL,
  `command` enum('insert','update','delete') NOT NULL,
  `delta` longtext,
  `namespace_id` int(11) NOT NULL,
  PRIMARY KEY (`id`),
  KEY `namespace_id` (`namespace_id`),
  CONSTRAINT `transaction_ibfk_1` FOREIGN KEY (`namespace_id`) REFERENCES `namespace` (`id`)
) ENGINE=InnoDB AUTO_INCREMENT=42 DEFAULT CHARSET=utf8mb4;
/*!40101 SET character_set_client = @saved_cs_client */;

--
-- Dumping data for table `transaction`
--

LOCK TABLES `transaction` WRITE;
/*!40000 ALTER TABLE `transaction` DISABLE KEYS */;
INSERT INTO `transaction` VALUES (1,'folderitem',2,'insert','{\"thread_id\": 1, \"id\": 2, \"folder_name\": \"inbox\"}',1),(2,'folderitem',3,'insert','{\"thread_id\": 1, \"id\": 3, \"folder_name\": \"sent\"}',1),(3,'folderitem',1,'insert','{\"thread_id\": 1, \"id\": 1, \"folder_name\": \"important\"}',1),(4,'block',3,'insert','{\"walk_index\": 2, \"content_id\": null, \"misc_keyval\": [[\"Content-Type\", [\"text/html\", {\"charset\": \"ISO-8859-1\"}]]], \"_content_type_other\": null, \"_content_type_common\": \"text/html\", \"data_sha256\": \"1ee9254d4cbcd3518f61f8b1fad3fde840f1a36f2670a85e0be6f28e2c748149\", \"id\": 3, \"filename\": null, \"is_inboxapp_attachment\": false, \"message_id\": 1, \"size\": 32}',1),(5,'block',2,'insert','{\"walk_index\": 1, \"content_id\": null, \"misc_keyval\": [[\"Content-Type\", [\"text/plain\", {\"charset\": \"ISO-8859-1\"}]]], \"_content_type_other\": null, \"_content_type_common\": \"text/plain\", \"data_sha256\": \"31a9b976c37cd70dc06f4d7d074e67f199d47903322389f6e99b3b687164cbff\", \"id\": 2, \"filename\": null, \"is_inboxapp_attachment\": false, \"message_id\": 1, \"size\": 11}',1),(6,'message',1,'insert','{\"size\": 673, \"snippet\": \"from gmail\", \"internaldate\": {\"$date\": 1382457431000}, \"decode_error\": false, \"g_msgid\": 1449611683011191113, \"from_addr\": [\"Inbox App\", \"inboxapptest@gmail.com\"], \"g_thrid\": 1449611683011191113, \"to_addr\": [[\"Inbox App\", \"inboxapptest@gmail.com\"]], \"mailing_list_headers\": {\"List-Id\": null, \"List-Post\": null, \"List-Owner\": null, \"List-Subscribe\": null, \"List-Unsubscribe\": null, \"List-Archive\": null, \"List-Help\": null}, \"message_id\": \"<CAOPuB_MrkEgSY5BdmvK7J=C416wJ==E75tZ5SXiwWVxVYiVs0g@mail.gmail.com>\", \"sender_addr\": null, \"thread_id\": 1, \"bcc_addr\": [], \"cc_addr\": [], \"data_sha256\": \"52183243e7493a162884ec02e0589fd0f8ee75c6495ac489bffd5013f962cd12\", \"reply_to\": null, \"in_reply_to\": null, \"sanitized_body\": \"<html><body><div dir=\\\"ltr\\\">from gmail</div></body></html>\", \"id\": 1, \"subject\": \"testing\"}',1),(7,'folderitem',4,'insert','{\"thread_id\": 1, \"id\": 4, \"folder_name\": \"[gmail]/all mail\"}',1),(8,'block',1,'insert','{\"walk_index\": 0, \"_content_type_other\": null, \"_content_type_common\": null, \"data_sha256\": \"9ff5df6047e050dde34a319401b0686b15e3d10159f95a329c90c1cbbfa876b7\", \"id\": 1, \"is_inboxapp_attachment\": false, \"message_id\": 1, \"size\": 494}',1),(9,'folderitem',8,'insert','{\"thread_id\": 2, \"id\": 8, \"folder_name\": \"[gmail]/all mail\"}',1),(10,'block',5,'insert','{\"walk_index\": 1, \"content_id\": null, \"misc_keyval\": [[\"Return-Path\", \"<inboxapptest@gmail.com>\"], [\"Received\", \"from [127.0.1.1] (199-241-200-12.PUBLIC.monkeybrains.net. [199.241.200.12])        by mx.google.com with ESMTPSA id v4sm17570370pbq.31.2013.10.20.20.18.52        for <inboxapptest@gmail.com>        (version=TLSv1.2 cipher=ECDHE-RSA-AES128-GCM-SHA256 bits=128/128);        Sun, 20 Oct 2013 20:18:53 -0700 (PDT)\"], [\"Message-Id\", \"<52649d1d.043b440a.01a2.7dd1@mx.google.com>\"], [\"Date\", \"Sun, 20 Oct 2013 20:18:53 -0700 (PDT)\"], [\"Content-Type\", [\"text/plain\", {\"charset\": \"us-ascii\"}]], [\"Mime-Version\", \"1.0\"], [\"Content-Transfer-Encoding\", [\"7bit\", {}]], [\"From\", \"inboxapptest@gmail.com\"], [\"To\", \"inboxapptest@gmail.com\"], [\"Subject\", \"Postel lives!\"], [\"X-Mailer\", \"InboxApp Mailer [version 0.1]\"]], \"_content_type_other\": null, \"_content_type_common\": \"text/plain\", \"data_sha256\": \"e031665a97568c3cb032567f572723c757630980666d7c5b734b3c75af24a7ed\", \"id\": 5, \"filename\": null, \"is_inboxapp_attachment\": false, \"message_id\": 2, \"size\": 15}',1),(11,'folderitem',6,'insert','{\"thread_id\": 2, \"id\": 6, \"folder_name\": \"inbox\"}',1),(12,'block',4,'insert','{\"walk_index\": 0, \"_content_type_other\": null, \"_content_type_common\": null, \"data_sha256\": \"140007ef53284306f5308c2beaea7db31c0c47201b222d92dff34fefd8566d50\", \"id\": 4, \"is_inboxapp_attachment\": false, \"message_id\": 2, \"size\": 762}',1),(13,'message',2,'insert','{\"size\": 709, \"snippet\": \"Are you there?\", \"internaldate\": {\"$date\": 1382325533000}, \"decode_error\": false, \"g_msgid\": 1449473378597299824, \"from_addr\": [\"\", \"inboxapptest@gmail.com\"], \"g_thrid\": 1449473378597299824, \"to_addr\": [[\"\", \"inboxapptest@gmail.com\"]], \"mailing_list_headers\": {\"List-Id\": null, \"List-Post\": null, \"List-Owner\": null, \"List-Subscribe\": null, \"List-Unsubscribe\": null, \"List-Archive\": null, \"List-Help\": null}, \"message_id\": \"<52649d1d.043b440a.01a2.7dd1@mx.google.com>\", \"sender_addr\": null, \"thread_id\": 2, \"bcc_addr\": [], \"cc_addr\": [], \"data_sha256\": \"32e2e200813af2ee8d5a67537dd7833c2ebfa4b9c4d11e94fd5ecc8984a1f02d\", \"reply_to\": null, \"in_reply_to\": null, \"sanitized_body\": \"<p>Are you there?</p>\", \"id\": 2, \"subject\": \"Postel lives!\"}',1),(14,'folderitem',7,'insert','{\"thread_id\": 2, \"id\": 7, \"folder_name\": \"sent\"}',1),(15,'folderitem',5,'insert','{\"thread_id\": 2, \"id\": 5, \"folder_name\": \"important\"}',1),(16,'block',7,'insert','{\"walk_index\": 2, \"content_id\": null, \"misc_keyval\": [[\"Content-Type\", [\"text/plain\", {\"charset\": \"ISO-8859-1\", \"delsp\": \"yes\", \"format\": \"flowed\"}]]], \"_content_type_other\": null, \"_content_type_common\": \"text/plain\", \"data_sha256\": \"3d747459c9884417e66ceb56b4f1811b15cfb3fc8efcf1bfb4ac88e3859fa4f0\", \"id\": 7, \"filename\": null, \"is_inboxapp_attachment\": false, \"message_id\": 3, \"size\": 993}',1),(17,'folderitem',10,'insert','{\"thread_id\": 3, \"id\": 10, \"folder_name\": \"[gmail]/all mail\"}',1),(18,'block',6,'insert','{\"walk_index\": 0, \"_content_type_other\": null, \"_content_type_common\": null, \"data_sha256\": \"f9f27dc47aa42dcd7dc0140be6723e58942ae5f4b5a4947ff43d8c427991917c\", \"id\": 6, \"is_inboxapp_attachment\": false, \"message_id\": 3, \"size\": 2224}',1),(19,'block',10,'insert','{\"walk_index\": 5, \"content_id\": \"<profilephoto>\", \"is_inboxapp_attachment\": false, \"misc_keyval\": [[\"Content-Type\", [\"image/png\", {\"name\": \"profilephoto.png\"}]], [\"Content-Disposition\", [\"attachment\", {\"filename\": \"profilephoto.png\"}]], [\"Content-Transfer-Encoding\", [\"base64\", {}]], [\"Content-Id\", \"<profilephoto>\"]], \"_content_type_other\": null, \"_content_type_common\": \"image/png\", \"data_sha256\": \"126e9284352ab78a4267898a46e0b82c1c153430699bbcc85e22430e763b38e8\", \"id\": 10, \"filename\": \"profilephoto.png\", \"content_disposition\": \"attachment\", \"message_id\": 3, \"size\": 564}',1),(20,'message',3,'insert','{\"size\": 19501, \"snippet\": \"\\n \\n \\n \\n \\n \\n \\n \\n \\n \\n \\n            \\n              Inbox App\\n            \\n           \\n \\n \\n \\n \\n \\n \\n \\n \\n \\n \\n \\n \\n \\n \\n            \\n              Hi Inbox,\\n               \\n \\n            \\n\\n\\nThe recove\", \"internaldate\": {\"$date\": 1382324143000}, \"decode_error\": false, \"g_msgid\": 1449471921372979402, \"from_addr\": [\"\", \"no-reply@accounts.google.com\"], \"g_thrid\": 1449471921372979402, \"to_addr\": [[\"\", \"inboxapptest@gmail.com\"]], \"mailing_list_headers\": {\"List-Id\": null, \"List-Post\": null, \"List-Owner\": null, \"List-Subscribe\": null, \"List-Unsubscribe\": null, \"List-Archive\": null, \"List-Help\": null}, \"message_id\": \"<MC4rhxPMVYU1ydNeoLDDDA@notifications.google.com>\", \"sender_addr\": null, \"thread_id\": 3, \"bcc_addr\": [], \"cc_addr\": [], \"data_sha256\": \"7836dd4eef7852ea9e9fafae09cc40d18887478d8279d0c2e215c2a7daad3deb\", \"reply_to\": null, \"in_reply_to\": null, \"sanitized_body\": \"<html lang=\\\"en\\\"><body style=\\\"margin:0; padding: 0;\\\">\\n<table align=\\\"center\\\" bgcolor=\\\"#f1f1f1\\\" border=\\\"0\\\" cellpadding=\\\"0\\\" cellspacing=\\\"0\\\" height=\\\"100%\\\" style=\\\"border-collapse: collapse\\\" width=\\\"100%\\\">\\n<tr align=\\\"center\\\">\\n<td valign=\\\"top\\\">\\n<table bgcolor=\\\"#f1f1f1\\\" border=\\\"0\\\" cellpadding=\\\"0\\\" cellspacing=\\\"0\\\" height=\\\"60\\\" style=\\\"border-collapse: collapse\\\">\\n<tr height=\\\"40\\\" valign=\\\"middle\\\">\\n<td width=\\\"9\\\"></td>\\n<td valign=\\\"middle\\\" width=\\\"217\\\">\\n<img alt=\\\"Google Accounts\\\" border=\\\"0\\\" height=\\\"40\\\" src=\\\"cid:google\\\" style=\\\"display: block;\\\"/>\\n</td>\\n<td style=\\\"font-size: 13px; font-family: arial, sans-serif; color: #777777; text-align: right\\\" width=\\\"327\\\">\\n            \\n              Inbox App\\n            \\n          </td>\\n<td width=\\\"10\\\"></td>\\n<td><img src=\\\"cid:profilephoto\\\"/></td>\\n<td width=\\\"10\\\"></td>\\n</tr>\\n</table>\\n<table bgcolor=\\\"#ffffff\\\" border=\\\"1\\\" bordercolor=\\\"#e5e5e5\\\" cellpadding=\\\"0\\\" cellspacing=\\\"0\\\" style=\\\"text-align: left\\\">\\n<tr>\\n<td height=\\\"15\\\" style=\\\"border-top: none; border-bottom: none; border-left: none; border-right: none;\\\">\\n</td>\\n</tr>\\n<tr>\\n<td style=\\\"border-top: none; border-bottom: none; border-left: none; border-right: none;\\\" width=\\\"15\\\">\\n</td>\\n<td style=\\\"font-size: 83%; border-top: none; border-bottom: none; border-left: none; border-right: none; font-size: 13px; font-family: arial, sans-serif; color: #222222; line-height: 18px\\\" valign=\\\"top\\\" width=\\\"568\\\">\\n            \\n              Hi Inbox,\\n              <br/>\\n<br/>\\n            \\n\\n\\nThe recovery phone number for your Google Account - inboxapptest@gmail.com - was recently changed. If you made this change, you don\'t need to do anything more.\\n\\n<br/>\\n<br/>\\n\\nIf you didn\'t change your recovery phone, someone may have broken into your account. Visit this link for more information: <a href=\\\"https://support.google.com/accounts/bin/answer.py?answer=2450236\\\" style=\\\"text-decoration: none; color: #4D90FE\\\">https://support.google.com/accounts/bin/answer.py?answer=2450236</a>.\\n\\n<br/>\\n<br/>\\n\\nIf you are having problems accessing your account, reset your password by clicking the button below:\\n\\n<br/>\\n<br/>\\n<a href=\\\"https://accounts.google.com/RecoverAccount?fpOnly=1&amp;source=ancrppe&amp;Email=inboxapptest@gmail.com\\\" style=\\\"text-align: center; font-size: 11px; font-family: arial, sans-serif; color: white; font-weight: bold; border-color: #3079ed; background-color: #4d90fe; background-image: linear-gradient(top,#4d90fe,#4787ed); text-decoration: none; display:inline-block; height: 27px; padding-left: 8px; padding-right: 8px; line-height: 27px; border-radius: 2px; border-width: 1px;\\\" target=\\\"_blank\\\">\\n<span style=\\\"color: white;\\\">\\n    \\n      Reset password\\n    \\n  </span>\\n</a>\\n<br/>\\n<br/>\\n                \\n                  Sincerely,<br/>\\n                  The Google Accounts team\\n                \\n                </td>\\n<td style=\\\"border-top: none; border-bottom: none; border-left: none; border-right: none;\\\" width=\\\"15\\\">\\n</td>\\n</tr>\\n<tr>\\n<td height=\\\"15\\\" style=\\\"border-top: none; border-bottom: none; border-left: none; border-right: none;\\\">\\n</td>\\n</tr>\\n<tr>\\n<td style=\\\"border-top: none; border-bottom: none; border-left: none; border-right: none;\\\" width=\\\"15\\\"></td>\\n<td style=\\\"font-size: 11px; font-family: arial, sans-serif; color: #777777; border-top: none; border-bottom: none; border-left: none; border-right: none;\\\" width=\\\"568\\\">\\n                \\n                  This email can\'t receive replies. For more information, visit the <a href=\\\"https://support.google.com/accounts/bin/answer.py?answer=2450236\\\" style=\\\"text-decoration: none; color: #4D90FE\\\"><span style=\\\"color: #4D90FE;\\\">Google Accounts Help Center</span></a>.\\n                \\n                </td>\\n<td style=\\\"border-top: none; border-bottom: none; border-left: none; border-right: none;\\\" width=\\\"15\\\"></td>\\n</tr>\\n<tr>\\n<td height=\\\"15\\\" style=\\\"border-top: none; border-bottom: none; border-left: none; border-right: none;\\\">\\n</td>\\n</tr>\\n</table>\\n<table bgcolor=\\\"#f1f1f1\\\" height=\\\"80\\\" style=\\\"text-align: left\\\">\\n<tr valign=\\\"middle\\\">\\n<td style=\\\"font-size: 11px; font-family: arial, sans-serif; color: #777777;\\\">\\n                  \\n                    You received this mandatory email service announcement to update you about important changes to your Google product or account.\\n                  \\n                  <br/>\\n<br/>\\n<div style=\\\"direction: ltr;\\\">\\n                  \\n                    \\u00a9 2013 Google Inc., 1600 Amphitheatre Parkway, Mountain View, CA 94043, USA\\n                  \\n                  </div>\\n</td>\\n</tr>\\n</table>\\n</td>\\n</tr>\\n</table>\\n</body></html>\", \"id\": 3, \"subject\": \"Google Account recovery phone number changed\"}',1),(21,'block',8,'insert','{\"walk_index\": 3, \"content_id\": null, \"misc_keyval\": [[\"Content-Type\", [\"text/html\", {\"charset\": \"ISO-8859-1\"}]], [\"Content-Transfer-Encoding\", [\"quoted-printable\", {}]]], \"_content_type_other\": null, \"_content_type_common\": \"text/html\", \"data_sha256\": \"e956c365e2a7b8481070dde8bdd3d741d799f32f2c208a44a8b6aac9c377419a\", \"id\": 8, \"filename\": null, \"is_inboxapp_attachment\": false, \"message_id\": 3, \"size\": 5575}',1),(22,'block',9,'insert','{\"walk_index\": 4, \"content_id\": \"<google>\", \"is_inboxapp_attachment\": false, \"misc_keyval\": [[\"Content-Type\", [\"image/png\", {\"name\": \"google.png\"}]], [\"Content-Disposition\", [\"attachment\", {\"filename\": \"google.png\"}]], [\"Content-Transfer-Encoding\", [\"base64\", {}]], [\"Content-Id\", \"<google>\"]], \"_content_type_other\": null, \"_content_type_common\": \"image/png\", \"data_sha256\": \"b965169ca27cf217f454a1f36e4182c15278f49106d21f51347a3db2d94d4980\", \"id\": 9, \"filename\": \"google.png\", \"content_disposition\": \"attachment\", \"message_id\": 3, \"size\": 6320}',1),(23,'folderitem',9,'insert','{\"thread_id\": 3, \"id\": 9, \"folder_name\": \"inbox\"}',1),(24,'block',11,'insert','{\"walk_index\": 0, \"_content_type_other\": null, \"_content_type_common\": null, \"data_sha256\": \"597da414d3a6a6367ac5ce9fcf500afaccd77b1ce78ba155757ba5a6f0d06680\", \"id\": 11, \"is_inboxapp_attachment\": false, \"message_id\": 4, \"size\": 449}',1),(25,'message',4,'insert','{\"size\": 16786, \"snippet\": \"\\n \\n \\n \\u00a0 \\n \\n \\n \\n \\n \\u00a0 \\n \\n \\n \\u00a0 \\n \\n \\n \\n \\n \\u00a0 \\n \\n \\n \\n \\n \\n \\u00a0 \\n \\n \\n \\u00a0 \\n \\n \\n \\n Hi Inbox\\n                     \\n \\n \\n \\u00a0 \\n \\n \\n \\n \\n \\n \\u00a0 \\n \\n \\n \\n Welcome to Gmail \\n \\n \\n \\n \\u00a0 \\n \\n \\n \\u00a0 \\n \\n \\n \\n \\n \\u00a0 \\n \\n \\n \\u00a0 \\n \\n \\n \", \"internaldate\": {\"$date\": 1377021748000}, \"decode_error\": false, \"g_msgid\": 1443911957436186914, \"from_addr\": [\"Gmail Team\", \"mail-noreply@google.com\"], \"g_thrid\": 1443911957436186914, \"to_addr\": [[\"Inbox App\", \"inboxapptest@gmail.com\"]], \"mailing_list_headers\": {\"List-Id\": null, \"List-Post\": null, \"List-Owner\": null, \"List-Subscribe\": null, \"List-Unsubscribe\": null, \"List-Archive\": null, \"List-Help\": null}, \"message_id\": \"<CAOPuB_NG4xY2e_0wQ7XXXNu6Sk1cB=tj_9e-x+5SBt40QyfbJg@mail.gmail.com>\", \"sender_addr\": null, \"thread_id\": 4, \"bcc_addr\": [], \"cc_addr\": [], \"data_sha256\": \"4790330973ed882ce69af17010cd52ef0d5e4473774a86d6f3dcd8d60f403702\", \"reply_to\": null, \"in_reply_to\": null, \"sanitized_body\": \"<html xmlns=\\\"http://www.w3.org/1999/xhtml\\\"><head><meta content=\\\"text/html;charset=utf-8\\\" http-equiv=\\\"content-type\\\"/><title>Welcome to Gmail</title></head><body link=\\\"#1155CC\\\" marginheight=\\\"0\\\" marginwidth=\\\"0\\\" text=\\\"#444444\\\">\\n<table bgcolor=\\\"#f5f5f5\\\" border=\\\"0\\\" cellpadding=\\\"0\\\" cellspacing=\\\"0\\\" style=\\\"border-collapse: collapse;\\\" width=\\\"100%\\\">\\n<tr>\\n<td>\\u00a0</td>\\n<td height=\\\"51\\\" width=\\\"64\\\"><img alt=\\\"\\\" height=\\\"51\\\" src=\\\"https://ssl.gstatic.com/drive/announcements/images/framework-top-left.png\\\" style=\\\"display:block\\\" width=\\\"64\\\"/></td>\\n<td background=\\\"https://ssl.gstatic.com/drive/announcements/images/framework-top-middle.png\\\" bgcolor=\\\"#f5f5f5\\\" height=\\\"51\\\" valign=\\\"bottom\\\" width=\\\"673\\\">\\n</td>\\n<td height=\\\"51\\\" width=\\\"64\\\"><img alt=\\\"\\\" height=\\\"51\\\" src=\\\"https://ssl.gstatic.com/drive/announcements/images/framework-top-right.png\\\" style=\\\"display:block\\\" width=\\\"68\\\"/></td>\\n<td>\\u00a0</td>\\n</tr>\\n<tr>\\n<td>\\u00a0</td>\\n<td height=\\\"225\\\" width=\\\"64\\\"><img alt=\\\"\\\" height=\\\"225\\\" src=\\\"https://ssl.gstatic.com/drive/announcements/images/framework-middle-1-left.png\\\" style=\\\"display:block\\\" width=\\\"64\\\"/></td>\\n<td bgcolor=\\\"#ffffff\\\" valign=\\\"top\\\" width=\\\"668\\\">\\n<table border=\\\"0\\\" cellpadding=\\\"0\\\" cellspacing=\\\"0\\\" style=\\\"border-collapse: collapse; \\\" width=\\\"100%\\\">\\n<tr>\\n<td colspan=\\\"3\\\">\\u00a0</td>\\n</tr>\\n<tr>\\n<td align=\\\"center\\\" colspan=\\\"3\\\" height=\\\"50\\\" valign=\\\"bottom\\\"><img alt=\\\"\\\" src=\\\"https://ssl.gstatic.com/drive/announcements/images/logo.gif\\\" style=\\\"display:block\\\"/></td>\\n</tr>\\n<tr>\\n<td colspan=\\\"3\\\" height=\\\"40\\\">\\u00a0</td>\\n</tr>\\n<tr>\\n<td>\\u00a0</td>\\n<td width=\\\"450\\\">\\n<b>\\n<font color=\\\"#444444\\\" face=\\\"Arial, sans-serif\\\" size=\\\"-1\\\" style=\\\"line-height: 1.4em\\\">\\n<img alt=\\\"\\\" src=\\\"https://ssl.gstatic.com/accounts/services/mail/msa/gmail_icon_small.png\\\" style=\\\"display:block;float:left;margin-top:4px;margin-right:3px;\\\"/>Hi Inbox\\n                    </font>\\n</b>\\n</td>\\n<td>\\u00a0</td>\\n</tr>\\n<tr>\\n<td height=\\\"40\\\" valign=\\\"top\\\">\\n</td></tr>\\n<tr>\\n<td width=\\\"111\\\">\\u00a0</td>\\n<td align=\\\"left\\\">\\n<table border=\\\"0\\\" cellpadding=\\\"0\\\" cellspacing=\\\"0\\\" style=\\\"border-collapse: collapse;\\\" width=\\\"540\\\">\\n<tr>\\n<td valign=\\\"top\\\"><font color=\\\"#444444\\\" face=\\\"Arial, sans-serif\\\" size=\\\"+2\\\"><span style=\\\"font-family:Arial, sans-serif; font-size: 25px\\\">Welcome to Gmail</span></font></td>\\n</tr>\\n</table>\\n</td>\\n<td width=\\\"111\\\">\\u00a0</td>\\n</tr>\\n<tr>\\n<td colspan=\\\"3\\\" height=\\\"10\\\">\\u00a0</td>\\n</tr>\\n</table>\\n</td>\\n<td height=\\\"225\\\" width=\\\"64\\\"><img alt=\\\"\\\" height=\\\"225\\\" src=\\\"https://ssl.gstatic.com/drive/announcements/images/framework-middle-1-right.png\\\" style=\\\"display:block\\\" width=\\\"64\\\"/></td>\\n<td>\\u00a0</td>\\n</tr>\\n<tr>\\n<td>\\u00a0</td>\\n<td height=\\\"850\\\" width=\\\"64\\\"><img alt=\\\"\\\" height=\\\"850\\\" src=\\\"https://ssl.gstatic.com/drive/announcements/images/framework-middle-2-left.png\\\" style=\\\"display:block\\\" width=\\\"64\\\"/></td>\\n<td align=\\\"center\\\" bgcolor=\\\"#ffffff\\\" valign=\\\"top\\\" width=\\\"668\\\">\\n<table border=\\\"0\\\" cellpadding=\\\"0\\\" cellspacing=\\\"0\\\" style=\\\"border-collapse: collapse; \\\" width=\\\"540\\\">\\n<tr>\\n<td align=\\\"left\\\">\\n<a href=\\\"https://mail.google.com/mail/help/redirect/index.html?r=inboxtabsvideo&amp;utm_source=welcome&amp;hl=en\\\" style=\\\"text-decoration:none;\\\"><img alt=\\\"\\\" border=\\\"0\\\" src=\\\"https://ssl.gstatic.com/mail/welcome/localized/en/welcome_video.png\\\" style=\\\"display:block\\\"/></a>\\n</td>\\n<td width=\\\"15\\\"></td>\\n<td align=\\\"left\\\" valign=\\\"middle\\\">\\n<table border=\\\"0\\\" cellpadding=\\\"0\\\" cellspacing=\\\"0\\\" style=\\\"border-collapse:collapse;\\\" width=\\\"400\\\">\\n<tr>\\n<td align=\\\"left\\\">\\n<font color=\\\"#444444\\\" face=\\\"Arial,sans-serif\\\" size=\\\"+1\\\"><span style=\\\"font-family:Arial, sans-serif; font-size: 20px;\\\">Meet the inbox</span></font>\\n</td>\\n</tr>\\n<tr>\\n<td height=\\\"10\\\"></td>\\n</tr>\\n<tr>\\n<td align=\\\"left\\\" valign=\\\"top\\\">\\n<font color=\\\"#444444\\\" face=\\\"Arial,sans-serif\\\" size=\\\"-1\\\" style=\\\"line-height:1.4em\\\">Your inbox is organized into categories so that you can see what\'s new at a glance and decide which emails you want to read when. <a href=\\\"https://mail.google.com/mail/help/redirect/index.html?r=inboxtabsvideo&amp;utm_source=welcome&amp;hl=en\\\" style=\\\"text-decoration:none;\\\">Watch the video</a></font>\\n</td>\\n</tr>\\n</table>\\n</td>\\n</tr>\\n<tr>\\n<td colspan=\\\"3\\\" height=\\\"30\\\">\\u00a0</td>\\n</tr>\\n<tr>\\n<td align=\\\"left\\\">\\n<img alt=\\\"\\\" src=\\\"https://ssl.gstatic.com/mail/welcome/localized/en/welcome_inbox_tab.png\\\" style=\\\"display:block\\\"/>\\n</td>\\n<td width=\\\"15\\\"></td>\\n<td align=\\\"left\\\" valign=\\\"middle\\\">\\n<table border=\\\"0\\\" cellpadding=\\\"0\\\" cellspacing=\\\"0\\\" style=\\\"border-collapse:collapse;\\\" width=\\\"400\\\">\\n<tr>\\n<td align=\\\"left\\\">\\n<font color=\\\"#444444\\\" face=\\\"Arial,sans-serif\\\" size=\\\"+1\\\"><span style=\\\"font-family:Arial, sans-serif; font-size: 20px;\\\">Organized into categories</span></font>\\n</td>\\n</tr>\\n<tr>\\n<td height=\\\"10\\\"></td>\\n</tr>\\n<tr>\\n<td align=\\\"left\\\" valign=\\\"top\\\">\\n<font color=\\\"#444444\\\" face=\\\"Arial,sans-serif\\\" size=\\\"-1\\\" style=\\\"line-height:1.4em\\\">You choose from five optional tabs: Primary, Social, Promotions, Updates and Forums.  Primary, Social and Promotions are enabled by default. These categories make it easy to read messages of the same type all at once.</font>\\n</td>\\n</tr>\\n</table>\\n</td>\\n</tr>\\n<tr>\\n<td colspan=\\\"3\\\" height=\\\"30\\\">\\u00a0</td>\\n</tr>\\n<tr>\\n<td align=\\\"left\\\">\\n<img alt=\\\"\\\" src=\\\"https://ssl.gstatic.com/mail/welcome/localized/en/welcome_customize.png\\\" style=\\\"display:block\\\"/>\\n</td>\\n<td width=\\\"15\\\"></td>\\n<td align=\\\"left\\\" valign=\\\"middle\\\">\\n<table border=\\\"0\\\" cellpadding=\\\"0\\\" cellspacing=\\\"0\\\" style=\\\"border-collapse:collapse;\\\" width=\\\"400\\\">\\n<tr>\\n<td align=\\\"left\\\">\\n<font color=\\\"#444444\\\" face=\\\"Arial,sans-serif\\\" size=\\\"+1\\\"><span style=\\\"font-family:Arial, sans-serif; font-size: 20px;\\\">Easy to customize</span></font>\\n</td>\\n</tr>\\n<tr>\\n<td height=\\\"10\\\"></td>\\n</tr>\\n<tr>\\n<td align=\\\"left\\\" valign=\\\"top\\\">\\n<font color=\\\"#444444\\\" face=\\\"Arial,sans-serif\\\" size=\\\"-1\\\" style=\\\"line-height:1.4em\\\">Select the tabs you want from all five to none. And, if you see a message you want in a different tab, all you have to do is drag and drop it into the tab you choose. <a href=\\\"https://support.google.com/mail?hl=en&amp;p=inboxtabs\\\" style=\\\"text-decoration:none;\\\">More tips</a></font>\\n</td>\\n</tr>\\n</table>\\n</td>\\n</tr>\\n<tr>\\n<td colspan=\\\"3\\\" height=\\\"30\\\">\\u00a0</td>\\n</tr>\\n<tr>\\n<td align=\\\"left\\\">\\n<img alt=\\\"\\\" src=\\\"https://ssl.gstatic.com/mail/welcome/localized/en/welcome_mobile.png\\\" style=\\\"display:block\\\"/>\\n</td>\\n<td width=\\\"15\\\"></td>\\n<td align=\\\"left\\\" valign=\\\"middle\\\">\\n<table border=\\\"0\\\" cellpadding=\\\"0\\\" cellspacing=\\\"0\\\" style=\\\"border-collapse:collapse;\\\" width=\\\"400\\\">\\n<tr>\\n<td align=\\\"left\\\">\\n<font color=\\\"#444444\\\" face=\\\"Arial,sans-serif\\\" size=\\\"+1\\\"><span style=\\\"font-family:Arial, sans-serif; font-size: 20px;\\\">Get the inbox on your mobile device</span></font>\\n</td>\\n</tr>\\n<tr>\\n<td height=\\\"10\\\"></td>\\n</tr>\\n<tr>\\n<td align=\\\"left\\\" valign=\\\"top\\\">\\n<font color=\\\"#444444\\\" face=\\\"Arial,sans-serif\\\" size=\\\"-1\\\" style=\\\"line-height:1.4em\\\">Gmail\'s inbox is available in Gmail\'s official mobile apps on <a href=\\\"https://mail.google.com/mail/help/redirect/index.html?r=android&amp;utm_campaign=android&amp;utm_source=welcome&amp;hl=en\\\" style=\\\"text-decoration:none;\\\">Android 4.0+ devices</a> as well as <a href=\\\"https://mail.google.com/mail/help/redirect/index.html?r=apple&amp;hl=en\\\" style=\\\"text-decoration:none;\\\">iPhone and iPad</a>.  Your mobile inbox and notifications show primary email.  It\'s easy to access and keep track of email in other categories.</font>\\n<table border=\\\"0\\\" cellpadding=\\\"0\\\" cellspacing=\\\"0\\\" style=\\\"border-collapse: collapse;\\\" width=\\\"300\\\">\\n<tr>\\n<td height=\\\"60\\\" width=\\\"130\\\">\\n<a href=\\\"https://mail.google.com/mail/help/redirect/index.html?r=android&amp;utm_campaign=android&amp;utm_source=welcome&amp;hl=en\\\" style=\\\"text-decoration:none;\\\">\\n<img alt=\\\"\\\" border=\\\"0\\\" height=\\\"41\\\" src=\\\"https://ssl.gstatic.com/accounts/services/mail/buttons/google_play_en.png\\\" style=\\\"display:block;\\\" width=\\\"119\\\"/>\\n</a>\\n</td>\\n<td height=\\\"60\\\" width=\\\"150\\\">\\n<a href=\\\"https://mail.google.com/mail/help/redirect/index.html?r=apple&amp;utm_campaign=apple&amp;utm_source=welcome&amp;hl=en\\\" style=\\\"text-decoration:none;\\\">\\n<img alt=\\\"\\\" border=\\\"0\\\" height=\\\"42\\\" src=\\\"https://ssl.gstatic.com/accounts/services/mail/buttons/apple_store_en.png\\\" style=\\\"display:block;\\\" width=\\\"140\\\"/>\\n</a>\\n</td>\\n</tr>\\n</table>\\n</td>\\n</tr>\\n</table>\\n</td>\\n</tr>\\n<tr>\\n<td colspan=\\\"3\\\" height=\\\"30\\\">\\u00a0</td>\\n</tr>\\n</table>\\n<table border=\\\"0\\\" cellpadding=\\\"0\\\" cellspacing=\\\"0\\\" style=\\\"border-collapse: collapse; \\\" width=\\\"500\\\">\\n<tr>\\n<td colspan=\\\"2\\\" height=\\\"40\\\">\\u00a0</td>\\n</tr>\\n<tr>\\n<td rowspan=\\\"2\\\" width=\\\"68\\\"><img alt=\\\"\\\" src=\\\"https://ssl.gstatic.com/accounts/services/mail/msa/gmail_icon_large.png\\\" style=\\\"display:block\\\"/></td>\\n<td align=\\\"left\\\" height=\\\"20\\\" valign=\\\"bottom\\\"><font color=\\\"#444444\\\" face=\\\"Arial, sans-serif\\\" size=\\\"-1\\\">Happy emailing,</font></td>\\n</tr>\\n<tr>\\n<td align=\\\"left\\\" valign=\\\"top\\\"><font color=\\\"#444444\\\" face=\\\"Arial, sans-serif\\\" size=\\\"+2\\\"><span style=\\\"font-family:Arial, sans-serif;\\\">The Gmail Team</span></font></td>\\n</tr>\\n<tr>\\n<td colspan=\\\"2\\\" height=\\\"60\\\">\\u00a0</td>\\n</tr>\\n</table>\\n</td>\\n<td height=\\\"850\\\" width=\\\"64\\\"><img alt=\\\"\\\" height=\\\"850\\\" src=\\\"https://ssl.gstatic.com/drive/announcements/images/framework-middle-2-right.png\\\" style=\\\"display:block\\\" width=\\\"64\\\"/></td>\\n<td>\\u00a0</td>\\n</tr>\\n<tr>\\n<td>\\u00a0</td>\\n<td height=\\\"102\\\" width=\\\"64\\\"><img alt=\\\"\\\" height=\\\"102\\\" src=\\\"https://ssl.gstatic.com/drive/announcements/images/framework-bottom-left.png\\\" style=\\\"display:block\\\" width=\\\"64\\\"/></td>\\n<td background=\\\"https://ssl.gstatic.com/drive/announcements/images/framework-bottom-middle.png\\\" height=\\\"102\\\" valign=\\\"top\\\" width=\\\"673\\\">\\n<table border=\\\"0\\\" cellpadding=\\\"0\\\" cellspacing=\\\"0\\\" style=\\\"border-collapse: collapse; \\\" width=\\\"100%\\\">\\n<tr>\\n<td height=\\\"12\\\"></td>\\n</tr>\\n<tr>\\n<td valign=\\\"bottom\\\">\\n<font color=\\\"#AAAAAA\\\" face=\\\"Arial, sans-serif\\\" size=\\\"-2\\\">\\n                  \\u00a9 2013 Google Inc. 1600 Amphitheatre Parkway, Mountain View, CA 94043\\n                </font>\\n</td>\\n</tr>\\n</table>\\n</td>\\n<td height=\\\"102\\\" width=\\\"64\\\"><img alt=\\\"\\\" height=\\\"102\\\" src=\\\"https://ssl.gstatic.com/drive/announcements/images/framework-bottom-right.png\\\" style=\\\"display:block\\\" width=\\\"68\\\"/></td>\\n<td>\\u00a0</td>\\n</tr>\\n</table>\\n</body></html>\", \"id\": 4, \"subject\": \"Welcome to Gmail\"}',1),(26,'block',13,'insert','{\"walk_index\": 2, \"content_id\": null, \"misc_keyval\": [[\"Content-Type\", [\"text/html\", {\"charset\": \"ISO-8859-1\"}]], [\"Content-Transfer-Encoding\", [\"quoted-printable\", {}]]], \"_content_type_other\": null, \"_content_type_common\": \"text/html\", \"data_sha256\": \"cd44fb22f257932dd15a423134ca62369dbb309d2ea34150f6df427163230397\", \"id\": 13, \"filename\": null, \"is_inboxapp_attachment\": false, \"message_id\": 4, \"size\": 13085}',1),(27,'block',12,'insert','{\"walk_index\": 1, \"content_id\": null, \"misc_keyval\": [[\"Content-Type\", [\"text/plain\", {\"charset\": \"ISO-8859-1\"}]], [\"Content-Transfer-Encoding\", [\"quoted-printable\", {}]]], \"_content_type_other\": null, \"_content_type_common\": \"text/plain\", \"data_sha256\": \"047fa83a202cebd70ae6dbe912dd197df10187854ffe4decda9ce18f76998a9e\", \"id\": 12, \"filename\": null, \"is_inboxapp_attachment\": false, \"message_id\": 4, \"size\": 1756}',1),(28,'folderitem',12,'insert','{\"thread_id\": 4, \"id\": 12, \"folder_name\": \"[gmail]/all mail\"}',1),(29,'folderitem',11,'insert','{\"thread_id\": 4, \"id\": 11, \"folder_name\": \"inbox\"}',1),(30,'message',5,'insert','{\"size\": 15711, \"snippet\": \"\\n \\n \\n \\u00a0 \\n \\n \\n \\n \\n \\u00a0 \\n \\n \\n \\u00a0 \\n \\n \\n \\n \\n \\u00a0 \\n \\n \\n \\n \\n \\n \\u00a0 \\n \\n \\n \\u00a0 \\n \\n \\n \\n Hi Inbox\\n                     \\n \\n \\n \\u00a0 \\n \\n \\n \\n \\n \\n \\u00a0 \\n \\n \\n \\n Tips for using Gmail \\n \\n \\n \\n \\u00a0 \\n \\n \\n \\u00a0 \\n \\n \\n \\n \\n \\u00a0 \\n \\n \\n \\u00a0 \\n \", \"internaldate\": {\"$date\": 1377021748000}, \"decode_error\": false, \"g_msgid\": 1443911956831022215, \"from_addr\": [\"Gmail Team\", \"mail-noreply@google.com\"], \"g_thrid\": 1443911956831022215, \"to_addr\": [[\"Inbox App\", \"inboxapptest@gmail.com\"]], \"mailing_list_headers\": {\"List-Id\": null, \"List-Post\": null, \"List-Owner\": null, \"List-Subscribe\": null, \"List-Unsubscribe\": null, \"List-Archive\": null, \"List-Help\": null}, \"message_id\": \"<CAOPuB_MAEq7GsOVvWgE+qHR_6vWYXifHhF+hQ1sFyzk_eKPYpQ@mail.gmail.com>\", \"sender_addr\": null, \"thread_id\": 5, \"bcc_addr\": [], \"cc_addr\": [], \"data_sha256\": \"8f62d93f04735652b9f4edc89bc764e5b48fff1bcd0acec67718047c81d76051\", \"reply_to\": null, \"in_reply_to\": null, \"sanitized_body\": \"<html xmlns=\\\"http://www.w3.org/1999/xhtml\\\"><head><meta content=\\\"text/html;charset=utf-8\\\" http-equiv=\\\"content-type\\\"/><title>Tips for using Gmail</title></head><body link=\\\"#1155CC\\\" marginheight=\\\"0\\\" marginwidth=\\\"0\\\" text=\\\"#444444\\\">\\n<table bgcolor=\\\"#f5f5f5\\\" border=\\\"0\\\" cellpadding=\\\"0\\\" cellspacing=\\\"0\\\" style=\\\"border-collapse: collapse;\\\" width=\\\"100%\\\">\\n<tr>\\n<td>\\u00a0</td>\\n<td height=\\\"51\\\" width=\\\"64\\\"><img alt=\\\"\\\" height=\\\"51\\\" src=\\\"https://ssl.gstatic.com/drive/announcements/images/framework-top-left.png\\\" style=\\\"display:block\\\" width=\\\"64\\\"/></td>\\n<td background=\\\"https://ssl.gstatic.com/drive/announcements/images/framework-top-middle.png\\\" bgcolor=\\\"#f5f5f5\\\" height=\\\"51\\\" valign=\\\"bottom\\\" width=\\\"673\\\">\\n</td>\\n<td height=\\\"51\\\" width=\\\"64\\\"><img alt=\\\"\\\" height=\\\"51\\\" src=\\\"https://ssl.gstatic.com/drive/announcements/images/framework-top-right.png\\\" style=\\\"display:block\\\" width=\\\"68\\\"/></td>\\n<td>\\u00a0</td>\\n</tr>\\n<tr>\\n<td>\\u00a0</td>\\n<td height=\\\"225\\\" width=\\\"64\\\"><img alt=\\\"\\\" height=\\\"225\\\" src=\\\"https://ssl.gstatic.com/drive/announcements/images/framework-middle-1-left.png\\\" style=\\\"display:block\\\" width=\\\"64\\\"/></td>\\n<td bgcolor=\\\"#ffffff\\\" valign=\\\"top\\\" width=\\\"668\\\">\\n<table border=\\\"0\\\" cellpadding=\\\"0\\\" cellspacing=\\\"0\\\" style=\\\"border-collapse: collapse; \\\" width=\\\"100%\\\">\\n<tr>\\n<td colspan=\\\"3\\\">\\u00a0</td>\\n</tr>\\n<tr>\\n<td align=\\\"center\\\" colspan=\\\"3\\\" height=\\\"50\\\" valign=\\\"bottom\\\"><img alt=\\\"\\\" src=\\\"https://ssl.gstatic.com/drive/announcements/images/logo.gif\\\" style=\\\"display:block\\\"/></td>\\n</tr>\\n<tr>\\n<td colspan=\\\"3\\\" height=\\\"40\\\">\\u00a0</td>\\n</tr>\\n<tr>\\n<td>\\u00a0</td>\\n<td width=\\\"450\\\">\\n<b>\\n<font color=\\\"#444444\\\" face=\\\"Arial, sans-serif\\\" size=\\\"-1\\\" style=\\\"line-height: 1.4em\\\">\\n<img alt=\\\"\\\" src=\\\"https://ssl.gstatic.com/accounts/services/mail/msa/gmail_icon_small.png\\\" style=\\\"display:block;float:left;margin-top:4px;margin-right:3px;\\\"/>Hi Inbox\\n                    </font>\\n</b>\\n</td>\\n<td>\\u00a0</td>\\n</tr>\\n<tr>\\n<td height=\\\"40\\\" valign=\\\"top\\\">\\n</td></tr>\\n<tr>\\n<td width=\\\"111\\\">\\u00a0</td>\\n<td align=\\\"left\\\">\\n<table border=\\\"0\\\" cellpadding=\\\"0\\\" cellspacing=\\\"0\\\" style=\\\"border-collapse: collapse;\\\" width=\\\"540\\\">\\n<tr>\\n<td valign=\\\"top\\\"><font color=\\\"#444444\\\" face=\\\"Arial, sans-serif\\\" size=\\\"+2\\\"><span style=\\\"font-family:Open Sans, Arial, sans-serif; font-size: 25px\\\">Tips for using Gmail</span></font></td>\\n</tr>\\n</table>\\n</td>\\n<td width=\\\"111\\\">\\u00a0</td>\\n</tr>\\n<tr>\\n<td colspan=\\\"3\\\" height=\\\"10\\\">\\u00a0</td>\\n</tr>\\n</table>\\n</td>\\n<td height=\\\"225\\\" width=\\\"64\\\"><img alt=\\\"\\\" height=\\\"225\\\" src=\\\"https://ssl.gstatic.com/drive/announcements/images/framework-middle-1-right.png\\\" style=\\\"display:block\\\" width=\\\"64\\\"/></td>\\n<td>\\u00a0</td>\\n</tr>\\n<tr>\\n<td>\\u00a0</td>\\n<td height=\\\"950\\\" width=\\\"64\\\"><img alt=\\\"\\\" height=\\\"950\\\" src=\\\"https://ssl.gstatic.com/drive/announcements/images/framework-middle-2-left.png\\\" style=\\\"display:block\\\" width=\\\"64\\\"/></td>\\n<td align=\\\"center\\\" bgcolor=\\\"#ffffff\\\" valign=\\\"top\\\" width=\\\"668\\\">\\n<table border=\\\"0\\\" cellpadding=\\\"0\\\" cellspacing=\\\"0\\\" style=\\\"border-collapse: collapse;\\\" width=\\\"540\\\">\\n<tr>\\n<td align=\\\"left\\\">\\n<img alt=\\\"\\\" src=\\\"https://ssl.gstatic.com/accounts/services/mail/msa/welcome_hangouts.png\\\" style=\\\"display:block\\\"/>\\n</td>\\n<td width=\\\"15\\\"></td>\\n<td align=\\\"left\\\" valign=\\\"middle\\\">\\n<table border=\\\"0\\\" cellpadding=\\\"0\\\" cellspacing=\\\"0\\\" style=\\\"border-collapse:collapse;\\\" width=\\\"400\\\">\\n<tr>\\n<td align=\\\"left\\\">\\n<font color=\\\"#444444\\\" face=\\\"Arial,sans-serif\\\" size=\\\"+1\\\"><span style=\\\"font-family:Arial, sans-serif; font-size: 20px;\\\">Chat right from your inbox</span></font>\\n</td>\\n</tr>\\n<tr>\\n<td height=\\\"10\\\"></td>\\n</tr>\\n<tr>\\n<td align=\\\"left\\\" valign=\\\"top\\\">\\n<font color=\\\"#444444\\\" face=\\\"Arial,sans-serif\\\" size=\\\"-1\\\" style=\\\"line-height:1.4em\\\">Chat with contacts and start video chats with up to 10 people in <a href=\\\"http://www.google.com/+/learnmore/hangouts/?hl=en\\\" style=\\\"text-decoration:none;\\\">Google+ Hangouts</a>.</font>\\n</td>\\n</tr>\\n</table>\\n</td>\\n</tr>\\n<tr>\\n<td colspan=\\\"3\\\" height=\\\"30\\\">\\u00a0</td>\\n</tr>\\n<tr>\\n<td align=\\\"left\\\">\\n<img alt=\\\"\\\" src=\\\"https://ssl.gstatic.com/accounts/services/mail/msa/welcome_contacts.png\\\" style=\\\"display:block\\\"/>\\n</td>\\n<td width=\\\"15\\\"></td>\\n<td align=\\\"left\\\" valign=\\\"middle\\\">\\n<table border=\\\"0\\\" cellpadding=\\\"0\\\" cellspacing=\\\"0\\\" style=\\\"border-collapse:collapse;\\\" width=\\\"400\\\">\\n<tr>\\n<td align=\\\"left\\\">\\n<font color=\\\"#444444\\\" face=\\\"Arial,sans-serif\\\" size=\\\"+1\\\"><span style=\\\"font-family:Arial, sans-serif; font-size: 20px;\\\">Bring your email into Gmail</span></font>\\n</td>\\n</tr>\\n<tr>\\n<td height=\\\"10\\\"></td>\\n</tr>\\n<tr>\\n<td align=\\\"left\\\" valign=\\\"top\\\">\\n<font color=\\\"#444444\\\" face=\\\"Arial,sans-serif\\\" size=\\\"-1\\\" style=\\\"line-height:1.4em\\\">You can import your email from other webmail to make the transition to Gmail a bit easier. <a href=\\\"https://support.google.com/mail/answer/164640?hl=en\\\" style=\\\"text-decoration:none;\\\">Learn how.</a></font>\\n</td>\\n</tr>\\n</table>\\n</td>\\n</tr>\\n<tr>\\n<td colspan=\\\"3\\\" height=\\\"30\\\">\\u00a0</td>\\n</tr>\\n<tr>\\n<td align=\\\"left\\\">\\n<img alt=\\\"\\\" src=\\\"https://ssl.gstatic.com/mail/welcome/localized/en/welcome_drive.png\\\" style=\\\"display:block\\\"/>\\n</td>\\n<td width=\\\"15\\\"></td>\\n<td align=\\\"left\\\" valign=\\\"middle\\\">\\n<table border=\\\"0\\\" cellpadding=\\\"0\\\" cellspacing=\\\"0\\\" style=\\\"border-collapse:collapse;\\\" width=\\\"400\\\">\\n<tr>\\n<td align=\\\"left\\\">\\n<font color=\\\"#444444\\\" face=\\\"Arial,sans-serif\\\" size=\\\"+1\\\"><span style=\\\"font-family:Arial, sans-serif; font-size: 20px;\\\">Use Google Drive to send large files</span></font>\\n</td>\\n</tr>\\n<tr>\\n<td height=\\\"10\\\"></td>\\n</tr>\\n<tr>\\n<td align=\\\"left\\\" valign=\\\"top\\\">\\n<font color=\\\"#444444\\\" face=\\\"Arial,sans-serif\\\" size=\\\"-1\\\" style=\\\"line-height:1.4em\\\"><a href=\\\"https://support.google.com/mail/answer/2480713?hl=en\\\" style=\\\"text-decoration:none;\\\">Send huge files in Gmail </a>  (up to 10GB) using <a href=\\\"https://drive.google.com/?hl=en\\\" style=\\\"text-decoration:none;\\\">Google Drive</a>. Plus files stored in Drive stay up-to-date automatically so everyone has the most recent version and can access them from anywhere.</font>\\n</td>\\n</tr>\\n</table>\\n</td>\\n</tr>\\n<tr>\\n<td colspan=\\\"3\\\" height=\\\"30\\\">\\u00a0</td>\\n</tr>\\n<tr>\\n<td align=\\\"left\\\">\\n<img alt=\\\"\\\" src=\\\"https://ssl.gstatic.com/accounts/services/mail/msa/welcome_storage.png\\\" style=\\\"display:block\\\"/>\\n</td>\\n<td width=\\\"15\\\"></td>\\n<td align=\\\"left\\\" valign=\\\"middle\\\">\\n<table border=\\\"0\\\" cellpadding=\\\"0\\\" cellspacing=\\\"0\\\" style=\\\"border-collapse:collapse;\\\" width=\\\"400\\\">\\n<tr>\\n<td align=\\\"left\\\">\\n<font color=\\\"#444444\\\" face=\\\"Arial,sans-serif\\\" size=\\\"+1\\\"><span style=\\\"font-family:Arial, sans-serif; font-size: 20px;\\\">Save everything</span></font>\\n</td>\\n</tr>\\n<tr>\\n<td height=\\\"10\\\"></td>\\n</tr>\\n<tr>\\n<td align=\\\"left\\\" valign=\\\"top\\\">\\n<font color=\\\"#444444\\\" face=\\\"Arial,sans-serif\\\" size=\\\"-1\\\" style=\\\"line-height:1.4em\\\">With 10GB of space, you\\u2019ll never need to delete an email. Just keep everything and easily find it later.</font>\\n</td>\\n</tr>\\n</table>\\n</td>\\n</tr>\\n<tr>\\n<td colspan=\\\"3\\\" height=\\\"30\\\">\\u00a0</td>\\n</tr>\\n<tr>\\n<td align=\\\"left\\\">\\n<img alt=\\\"\\\" src=\\\"https://ssl.gstatic.com/mail/welcome/localized/en/welcome_search.png\\\" style=\\\"display:block\\\"/>\\n</td>\\n<td width=\\\"15\\\"></td>\\n<td align=\\\"left\\\" valign=\\\"middle\\\">\\n<table border=\\\"0\\\" cellpadding=\\\"0\\\" cellspacing=\\\"0\\\" style=\\\"border-collapse:collapse;\\\" width=\\\"400\\\">\\n<tr>\\n<td align=\\\"left\\\">\\n<font color=\\\"#444444\\\" face=\\\"Arial,sans-serif\\\" size=\\\"+1\\\"><span style=\\\"font-family:Arial, sans-serif; font-size: 20px;\\\">Find emails fast</span></font>\\n</td>\\n</tr>\\n<tr>\\n<td height=\\\"10\\\"></td>\\n</tr>\\n<tr>\\n<td align=\\\"left\\\" valign=\\\"top\\\">\\n<font color=\\\"#444444\\\" face=\\\"Arial,sans-serif\\\" size=\\\"-1\\\" style=\\\"line-height:1.4em\\\">With the power of Google Search right in your inbox, you can quickly find the important emails you need with suggestions based on emails, past searches and contacts.</font>\\n</td>\\n</tr>\\n</table>\\n</td>\\n</tr>\\n<tr>\\n<td colspan=\\\"3\\\" height=\\\"30\\\">\\u00a0</td>\\n</tr>\\n</table>\\n<table border=\\\"0\\\" cellpadding=\\\"0\\\" cellspacing=\\\"0\\\" style=\\\"border-collapse: collapse; \\\" width=\\\"500\\\">\\n<tr>\\n<td colspan=\\\"2\\\" height=\\\"40\\\">\\u00a0</td>\\n</tr>\\n<tr>\\n<td rowspan=\\\"2\\\" width=\\\"68\\\"><img alt=\\\"\\\" src=\\\"https://ssl.gstatic.com/accounts/services/mail/msa/gmail_icon_large.png\\\" style=\\\"display:block\\\"/></td>\\n<td align=\\\"left\\\" height=\\\"20\\\" valign=\\\"bottom\\\"><font color=\\\"#444444\\\" face=\\\"Arial, sans-serif\\\" size=\\\"-1\\\">Happy emailing,</font></td>\\n</tr>\\n<tr>\\n<td align=\\\"left\\\" valign=\\\"top\\\"><font color=\\\"#444444\\\" face=\\\"Arial, sans-serif\\\" size=\\\"+2\\\"><span style=\\\"font-family:Open Sans, Arial, sans-serif;\\\">The Gmail Team</span></font></td>\\n</tr>\\n<tr>\\n<td colspan=\\\"2\\\" height=\\\"60\\\">\\u00a0</td>\\n</tr>\\n</table>\\n</td>\\n<td height=\\\"950\\\" width=\\\"64\\\"><img alt=\\\"\\\" height=\\\"950\\\" src=\\\"https://ssl.gstatic.com/drive/announcements/images/framework-middle-2-right.png\\\" style=\\\"display:block\\\" width=\\\"64\\\"/></td>\\n<td>\\u00a0</td>\\n</tr>\\n<tr>\\n<td>\\u00a0</td>\\n<td height=\\\"102\\\" width=\\\"64\\\"><img alt=\\\"\\\" height=\\\"102\\\" src=\\\"https://ssl.gstatic.com/drive/announcements/images/framework-bottom-left.png\\\" style=\\\"display:block\\\" width=\\\"64\\\"/></td>\\n<td background=\\\"https://ssl.gstatic.com/drive/announcements/images/framework-bottom-middle.png\\\" height=\\\"102\\\" valign=\\\"top\\\" width=\\\"673\\\">\\n<table border=\\\"0\\\" cellpadding=\\\"0\\\" cellspacing=\\\"0\\\" style=\\\"border-collapse: collapse; \\\" width=\\\"100%\\\">\\n<tr>\\n<td height=\\\"12\\\"></td>\\n</tr>\\n<tr>\\n<td valign=\\\"bottom\\\">\\n<font color=\\\"#AAAAAA\\\" face=\\\"Arial, sans-serif\\\" size=\\\"-2\\\">\\n                  \\u00a9 2013 Google Inc. 1600 Amphitheatre Parkway, Mountain View, CA 94043\\n                </font>\\n</td>\\n</tr>\\n</table>\\n</td>\\n<td height=\\\"102\\\" width=\\\"64\\\"><img alt=\\\"\\\" height=\\\"102\\\" src=\\\"https://ssl.gstatic.com/drive/announcements/images/framework-bottom-right.png\\\" style=\\\"display:block\\\" width=\\\"68\\\"/></td>\\n<td>\\u00a0</td>\\n</tr>\\n</table>\\n</body></html>\", \"id\": 5, \"subject\": \"Tips for using Gmail\"}',1),(31,'folderitem',14,'insert','{\"thread_id\": 5, \"id\": 14, \"folder_name\": \"[gmail]/all mail\"}',1),(32,'block',15,'insert','{\"walk_index\": 1, \"content_id\": null, \"misc_keyval\": [[\"Content-Type\", [\"text/plain\", {\"charset\": \"windows-1252\"}]], [\"Content-Transfer-Encoding\", [\"quoted-printable\", {}]]], \"_content_type_other\": null, \"_content_type_common\": \"text/plain\", \"data_sha256\": \"b1558fdb97bc5918be82a7d342358fdd8abaa32cace1c96056319c594af6ddfe\", \"id\": 15, \"filename\": null, \"is_inboxapp_attachment\": false, \"message_id\": 5, \"size\": 1251}',1),(33,'block',16,'insert','{\"walk_index\": 2, \"content_id\": null, \"misc_keyval\": [[\"Content-Type\", [\"text/html\", {\"charset\": \"windows-1252\"}]], [\"Content-Transfer-Encoding\", [\"quoted-printable\", {}]]], \"_content_type_other\": null, \"_content_type_common\": \"text/html\", \"data_sha256\": \"5ef8b7411036839cf82f81125fda1227b56378c14e4d2f2e251aaaa5496062ad\", \"id\": 16, \"filename\": null, \"is_inboxapp_attachment\": false, \"message_id\": 5, \"size\": 12626}',1),(34,'block',14,'insert','{\"walk_index\": 0, \"_content_type_other\": null, \"_content_type_common\": null, \"data_sha256\": \"98ae516cd24a27e52537143ff996e1c462ae2be9ea96ef0df3e4db41f8cb1060\", \"id\": 14, \"is_inboxapp_attachment\": false, \"message_id\": 5, \"size\": 453}',1),(35,'folderitem',13,'insert','{\"thread_id\": 5, \"id\": 13, \"folder_name\": \"inbox\"}',1),(36,'block',18,'insert','{\"walk_index\": 1, \"content_id\": null, \"misc_keyval\": [[\"Content-Type\", [\"text/plain\", {\"charset\": \"ISO-8859-1\"}]], [\"Content-Transfer-Encoding\", [\"quoted-printable\", {}]]], \"_content_type_other\": null, \"_content_type_common\": \"text/plain\", \"data_sha256\": \"3566785a8b48d288237d7634ce2a3ffd363a2fd86667fbe0753d7fc9868f84b0\", \"id\": 18, \"filename\": null, \"is_inboxapp_attachment\": false, \"message_id\": 6, \"size\": 645}',1),(37,'folderitem',16,'insert','{\"thread_id\": 6, \"id\": 16, \"folder_name\": \"[gmail]/all mail\"}',1),(38,'block',17,'insert','{\"walk_index\": 0, \"_content_type_other\": null, \"_content_type_common\": null, \"data_sha256\": \"05b7fbc334e4cad3c759f4802808153cf9ada2046272fc3e874896104d3bc43c\", \"id\": 17, \"is_inboxapp_attachment\": false, \"message_id\": 6, \"size\": 465}',1),(39,'message',6,'insert','{\"size\": 9091, \"snippet\": \"\\n \\n \\n \\u00a0 \\n \\n \\n \\n \\n \\u00a0 \\n \\n \\n \\u00a0 \\n \\n \\n \\n \\n \\u00a0 \\n \\n \\n \\n \\n \\n \\u00a0 \\n \\n \\n \\n \\n \\u00a0 \\n \\n \\n \\u00a0 \\n \\n \\n \\n \\n \\n \\n \\n Hi Inbox\\n                   \\n \\n \\n \\n \\n \\n Get Gmail for your mobile device \\n \\n Gmail is always availabl\", \"internaldate\": {\"$date\": 1377021748000}, \"decode_error\": false, \"g_msgid\": 1443911956799750690, \"from_addr\": [\"Gmail Team\", \"mail-noreply@google.com\"], \"g_thrid\": 1443911956799750690, \"to_addr\": [[\"Inbox App\", \"inboxapptest@gmail.com\"]], \"mailing_list_headers\": {\"List-Id\": null, \"List-Post\": null, \"List-Owner\": null, \"List-Subscribe\": null, \"List-Unsubscribe\": null, \"List-Archive\": null, \"List-Help\": null}, \"message_id\": \"<CAOPuB_P6erJVnzgUwWd5D8se_BfgOodo9+=rFEN_was7v_bN0Q@mail.gmail.com>\", \"sender_addr\": null, \"thread_id\": 6, \"bcc_addr\": [], \"cc_addr\": [], \"data_sha256\": \"421c9d2bfd657428d847e28f4f7e49747a052c55230c16bde279854294473790\", \"reply_to\": null, \"in_reply_to\": null, \"sanitized_body\": \"<html xmlns=\\\"http://www.w3.org/1999/xhtml\\\"><head><meta content=\\\"text/html;charset=utf-8\\\" http-equiv=\\\"content-type\\\"/><title>Get Gmail for your mobile device</title></head><body link=\\\"#1155CC\\\" marginheight=\\\"0\\\" marginwidth=\\\"0\\\" text=\\\"#444444\\\">\\n<table bgcolor=\\\"#f5f5f5\\\" border=\\\"0\\\" cellpadding=\\\"0\\\" cellspacing=\\\"0\\\" style=\\\"border-collapse: collapse;\\\" width=\\\"100%\\\">\\n<tr>\\n<td>\\u00a0</td>\\n<td height=\\\"51\\\" width=\\\"64\\\"><img alt=\\\"\\\" height=\\\"51\\\" src=\\\"https://ssl.gstatic.com/drive/announcements/images/framework-top-left.png\\\" style=\\\"display:block\\\" width=\\\"64\\\"/></td>\\n<td background=\\\"https://ssl.gstatic.com/drive/announcements/images/framework-top-middle.png\\\" bgcolor=\\\"#f5f5f5\\\" height=\\\"51\\\" valign=\\\"bottom\\\" width=\\\"673\\\">\\n</td>\\n<td height=\\\"51\\\" width=\\\"64\\\"><img alt=\\\"\\\" height=\\\"51\\\" src=\\\"https://ssl.gstatic.com/drive/announcements/images/framework-top-right.png\\\" style=\\\"display:block\\\" width=\\\"68\\\"/></td>\\n<td>\\u00a0</td>\\n</tr>\\n<tr>\\n<td>\\u00a0</td>\\n<td height=\\\"100\\\" width=\\\"64\\\"><img alt=\\\"\\\" height=\\\"100\\\" src=\\\"https://ssl.gstatic.com/drive/announcements/images/framework-middle-1-left.png\\\" style=\\\"display:block\\\" width=\\\"64\\\"/></td>\\n<td bgcolor=\\\"#ffffff\\\" valign=\\\"top\\\" width=\\\"668\\\">\\n<table border=\\\"0\\\" cellpadding=\\\"0\\\" cellspacing=\\\"0\\\" style=\\\"border-collapse: collapse;\\\" width=\\\"100%\\\">\\n<tr>\\n<td colspan=\\\"3\\\">\\u00a0</td>\\n</tr>\\n<tr>\\n<td align=\\\"center\\\" colspan=\\\"3\\\" height=\\\"50\\\" valign=\\\"bottom\\\"><img alt=\\\"\\\" src=\\\"https://ssl.gstatic.com/drive/announcements/images/logo.gif\\\" style=\\\"display:block\\\"/></td>\\n</tr>\\n<tr>\\n<td colspan=\\\"3\\\">\\u00a0</td>\\n</tr>\\n</table>\\n</td>\\n<td height=\\\"100\\\" width=\\\"64\\\"><img alt=\\\"\\\" height=\\\"100\\\" src=\\\"https://ssl.gstatic.com/drive/announcements/images/framework-middle-1-right.png\\\" style=\\\"display:block\\\" width=\\\"64\\\"/></td>\\n<td>\\u00a0</td>\\n</tr>\\n<tr>\\n<td>\\u00a0</td>\\n<td height=\\\"430\\\" width=\\\"64\\\"><img alt=\\\"\\\" height=\\\"430\\\" src=\\\"https://ssl.gstatic.com/drive/announcements/images/framework-middle-2-left.png\\\" style=\\\"display:block\\\" width=\\\"64\\\"/></td>\\n<td align=\\\"center\\\" bgcolor=\\\"#ffffff\\\" valign=\\\"top\\\" width=\\\"668\\\">\\n<table border=\\\"0\\\" cellpadding=\\\"0\\\" cellspacing=\\\"0\\\" style=\\\"border-collapse: collapse; \\\" width=\\\"540\\\">\\n<tr>\\n<td align=\\\"left\\\">\\n<b>\\n<font color=\\\"#444444\\\" face=\\\"Arial, sans-serif\\\" size=\\\"-1\\\" style=\\\"line-height: 1.4em\\\">\\n<img alt=\\\"\\\" src=\\\"https://ssl.gstatic.com/accounts/services/mail/msa/gmail_icon_small.png\\\" style=\\\"display:block;float:left;margin-top:4px;margin-right:3px;\\\"/>Hi Inbox\\n                  </font>\\n</b>\\n</td>\\n</tr>\\n<tr>\\n<td align=\\\"left\\\" rowspan=\\\"1\\\" width=\\\"450\\\">\\n<span style=\\\"font-family:Open Sans, Arial, sans-serif; font-size: 25px\\\">Get Gmail for your mobile device</span>\\n<p>\\n<font color=\\\"#444444\\\" face=\\\"Arial,sans-serif\\\" size=\\\"-1\\\" style=\\\"line-height:1.4em\\\">Gmail is always available wherever you are, from any device - desktop, laptop, phone or tablet.  Download the app or go to <a href=\\\"https://www.gmail.com\\\">gmail.com</a> on your mobile device to get started.</font>\\n</p>\\n<table border=\\\"0\\\" cellpadding=\\\"0\\\" cellspacing=\\\"0\\\" style=\\\"border-collapse: collapse;\\\" width=\\\"300\\\">\\n<tr>\\n<td height=\\\"60\\\" width=\\\"130\\\">\\n<a href=\\\"https://mail.google.com/mail/help/redirect/index.html?r=android&amp;utm_campaign=android&amp;utm_source=welcome&amp;hl=en\\\">\\n<img alt=\\\"\\\" border=\\\"0\\\" height=\\\"41\\\" src=\\\"https://ssl.gstatic.com/accounts/services/mail/buttons/google_play_en.png\\\" style=\\\"display:block;\\\" width=\\\"119\\\"/>\\n</a>\\n</td>\\n<td height=\\\"60\\\" width=\\\"150\\\">\\n<a href=\\\"https://mail.google.com/mail/help/redirect/index.html?r=apple&amp;utm_campaign=apple&amp;utm_source=welcome&amp;hl=en\\\">\\n<img alt=\\\"\\\" border=\\\"0\\\" height=\\\"42\\\" src=\\\"https://ssl.gstatic.com/accounts/services/mail/buttons/apple_store_en.png\\\" style=\\\"display:block;\\\" width=\\\"140\\\"/>\\n</a>\\n</td>\\n</tr>\\n</table>\\n</td>\\n<td rowspan=\\\"1\\\" width=\\\"15\\\"></td>\\n<td align=\\\"left\\\" width=\\\"150\\\">\\n<img alt=\\\"\\\" src=\\\"https://ssl.gstatic.com/accounts/services/mail/msa/welcome_nexus.png\\\" style=\\\"display:block\\\"/>\\n</td>\\n</tr>\\n</table>\\n<table border=\\\"0\\\" cellpadding=\\\"0\\\" cellspacing=\\\"0\\\" style=\\\"border-collapse: collapse; \\\" width=\\\"540\\\">\\n<tr>\\n<td colspan=\\\"2\\\" height=\\\"40\\\">\\u00a0</td>\\n</tr>\\n<tr>\\n<td rowspan=\\\"2\\\" width=\\\"68\\\"><img alt=\\\"\\\" src=\\\"https://ssl.gstatic.com/accounts/services/mail/msa/gmail_icon_large.png\\\" style=\\\"display:block\\\"/></td>\\n<td align=\\\"left\\\" height=\\\"20\\\" valign=\\\"bottom\\\"><font color=\\\"#444444\\\" face=\\\"Arial, sans-serif\\\" size=\\\"-1\\\">Happy emailing,</font></td>\\n</tr>\\n<tr>\\n<td align=\\\"left\\\" valign=\\\"top\\\"><font color=\\\"#444444\\\" face=\\\"Arial, sans-serif\\\" size=\\\"+2\\\"><span style=\\\"font-family:Open Sans, Arial, sans-serif;\\\">The Gmail Team</span></font></td>\\n</tr>\\n<tr>\\n<td colspan=\\\"2\\\" height=\\\"62\\\">\\u00a0</td>\\n</tr>\\n</table>\\n</td>\\n<td height=\\\"430\\\" width=\\\"64\\\"><img alt=\\\"\\\" height=\\\"430\\\" src=\\\"https://ssl.gstatic.com/drive/announcements/images/framework-middle-2-right.png\\\" style=\\\"display:block\\\" width=\\\"64\\\"/></td>\\n<td>\\u00a0</td>\\n</tr>\\n<tr>\\n<td>\\u00a0</td>\\n<td height=\\\"102\\\" width=\\\"64\\\"><img alt=\\\"\\\" height=\\\"102\\\" src=\\\"https://ssl.gstatic.com/drive/announcements/images/framework-bottom-left.png\\\" style=\\\"display:block\\\" width=\\\"64\\\"/></td>\\n<td background=\\\"https://ssl.gstatic.com/drive/announcements/images/framework-bottom-middle.png\\\" height=\\\"102\\\" valign=\\\"top\\\" width=\\\"673\\\">\\n<table border=\\\"0\\\" cellpadding=\\\"0\\\" cellspacing=\\\"0\\\" style=\\\"border-collapse: collapse; \\\" width=\\\"100%\\\">\\n<tr>\\n<td height=\\\"12\\\"></td>\\n</tr>\\n<tr>\\n<td valign=\\\"bottom\\\">\\n<font color=\\\"#AAAAAA\\\" face=\\\"Arial, sans-serif\\\" size=\\\"-2\\\">\\n                  \\u00a9 2013 Google Inc. 1600 Amphitheatre Parkway, Mountain View, CA 94043\\n                </font>\\n</td>\\n</tr>\\n</table>\\n</td>\\n<td height=\\\"102\\\" width=\\\"64\\\"><img alt=\\\"\\\" height=\\\"102\\\" src=\\\"https://ssl.gstatic.com/drive/announcements/images/framework-bottom-right.png\\\" style=\\\"display:block\\\" width=\\\"68\\\"/></td>\\n<td>\\u00a0</td>\\n</tr>\\n</table>\\n</body></html>\", \"id\": 6, \"subject\": \"Get Gmail for your mobile device\"}',1),(40,'folderitem',15,'insert','{\"thread_id\": 6, \"id\": 15, \"folder_name\": \"inbox\"}',1),(41,'block',19,'insert','{\"walk_index\": 2, \"content_id\": null, \"misc_keyval\": [[\"Content-Type\", [\"text/html\", {\"charset\": \"ISO-8859-1\"}]], [\"Content-Transfer-Encoding\", [\"quoted-printable\", {}]]], \"_content_type_other\": null, \"_content_type_common\": \"text/html\", \"data_sha256\": \"a5de2bb5b246fdf0f32a588af13a7d7534d66959cc5e0d83889c002847a5f493\", \"id\": 19, \"filename\": null, \"is_inboxapp_attachment\": false, \"message_id\": 6, \"size\": 7041}',1);
/*!40000 ALTER TABLE `transaction` ENABLE KEYS */;
UNLOCK TABLES;

--
-- Table structure for table `uidvalidity`
--

DROP TABLE IF EXISTS `uidvalidity`;
/*!40101 SET @saved_cs_client     = @@character_set_client */;
/*!40101 SET character_set_client = utf8 */;
CREATE TABLE `uidvalidity` (
  `id` int(11) NOT NULL AUTO_INCREMENT,
  `imapaccount_id` int(11) NOT NULL,
  `folder_name` varchar(191) NOT NULL,
  `uid_validity` int(11) NOT NULL,
  `highestmodseq` int(11) NOT NULL,
  PRIMARY KEY (`id`),
  UNIQUE KEY `imapaccount_id` (`imapaccount_id`,`folder_name`),
  CONSTRAINT `uidvalidity_ibfk_1` FOREIGN KEY (`imapaccount_id`) REFERENCES `imapaccount` (`id`) ON DELETE CASCADE
) ENGINE=InnoDB AUTO_INCREMENT=3 DEFAULT CHARSET=utf8mb4;
/*!40101 SET character_set_client = @saved_cs_client */;

--
-- Dumping data for table `uidvalidity`
--

LOCK TABLES `uidvalidity` WRITE;
/*!40000 ALTER TABLE `uidvalidity` DISABLE KEYS */;
INSERT INTO `uidvalidity` VALUES (1,1,'INBOX',1,4827),(2,1,'[Gmail]/All Mail',11,4827);
/*!40000 ALTER TABLE `uidvalidity` ENABLE KEYS */;
UNLOCK TABLES;

--
-- Table structure for table `user`
--

DROP TABLE IF EXISTS `user`;
/*!40101 SET @saved_cs_client     = @@character_set_client */;
/*!40101 SET character_set_client = utf8 */;
CREATE TABLE `user` (
  `id` int(11) NOT NULL AUTO_INCREMENT,
  `name` varchar(255) DEFAULT NULL,
  PRIMARY KEY (`id`)
) ENGINE=InnoDB AUTO_INCREMENT=2 DEFAULT CHARSET=utf8mb4;
/*!40101 SET character_set_client = @saved_cs_client */;

--
-- Dumping data for table `user`
--

LOCK TABLES `user` WRITE;
/*!40000 ALTER TABLE `user` DISABLE KEYS */;
INSERT INTO `user` VALUES (1,NULL);
/*!40000 ALTER TABLE `user` ENABLE KEYS */;
UNLOCK TABLES;

--
-- Table structure for table `usersession`
--

DROP TABLE IF EXISTS `usersession`;
/*!40101 SET @saved_cs_client     = @@character_set_client */;
/*!40101 SET character_set_client = utf8 */;
CREATE TABLE `usersession` (
  `id` int(11) NOT NULL AUTO_INCREMENT,
  `token` varchar(40) DEFAULT NULL,
  `user_id` int(11) NOT NULL,
  PRIMARY KEY (`id`),
  KEY `user_id` (`user_id`),
  CONSTRAINT `usersession_ibfk_1` FOREIGN KEY (`user_id`) REFERENCES `user` (`id`)
) ENGINE=InnoDB DEFAULT CHARSET=utf8mb4;
/*!40101 SET character_set_client = @saved_cs_client */;

--
-- Dumping data for table `usersession`
--

LOCK TABLES `usersession` WRITE;
/*!40000 ALTER TABLE `usersession` DISABLE KEYS */;
/*!40000 ALTER TABLE `usersession` ENABLE KEYS */;
UNLOCK TABLES;
/*!40103 SET TIME_ZONE=@OLD_TIME_ZONE */;

/*!40101 SET SQL_MODE=@OLD_SQL_MODE */;
/*!40014 SET FOREIGN_KEY_CHECKS=@OLD_FOREIGN_KEY_CHECKS */;
/*!40014 SET UNIQUE_CHECKS=@OLD_UNIQUE_CHECKS */;
/*!40101 SET CHARACTER_SET_CLIENT=@OLD_CHARACTER_SET_CLIENT */;
/*!40101 SET CHARACTER_SET_RESULTS=@OLD_CHARACTER_SET_RESULTS */;
/*!40101 SET COLLATION_CONNECTION=@OLD_COLLATION_CONNECTION */;
/*!40111 SET SQL_NOTES=@OLD_SQL_NOTES */;

-- Dump completed on 2014-02-04 20:12:25
